ID,X1555137_a_at,X1559360_at,X201250_s_at,X201286_at,X201417_at,X201590_x_at,X202267_at,X202403_s_at,X202504_at,X202935_s_at,X203074_at,X203083_at,X203476_at,X203510_at,X204351_at,X204602_at,X204713_s_at,X205266_at,X205780_at,X205927_s_at,X207714_s_at,X209114_at,X209173_at,X211657_at,X211719_x_at,X212236_x_at,X212354_at,X212886_at,X212942_s_at,X216442_x_at,X217428_s_at,X219901_at,X228923_at,X228933_at,X229553_at,X232202_at,X233090_at,X235629_at,X236129_at,X33323_r_at,group
GSM388076.CEL.gz,5.722028164,4.350729856,7.001617622,5.826082024,8.540337821,12.11549324,5.284655503,11.64614194,5.051355621,2.830994619,4.996230582,8.142488388,7.524458081,6.698673136,6.429468516,4.809922721,4.827787582,5.424684666,4.904910705,5.143332763,9.160209397,6.122050104,4.895196723,4.11930143,9.152592122,6.184861109,5.626667645,7.56942007,4.266232732,9.235447961,3.540391155,6.278246558,4.270389818,5.300633912,7.818593376,3.967507227,6.360872255,4.053118891,4.450216657,5.94837342,Normal
GSM388077.CEL.gz,5.75023735,4.755976241,6.957738846,5.690254414,8.529720905,11.91976655,5.922176035,11.81611455,4.568964324,3.364792641,4.77092052,8.327149075,7.459799922,6.969471477,6.518603687,5.610841083,4.988802362,5.210142841,5.226699922,5.59398863,9.445984383,5.774050946,3.942773567,3.857528847,9.078608358,6.191294331,5.427164536,7.739783876,4.329945419,9.211997867,3.369459869,6.285120549,4.092893325,5.467316764,7.610557569,4.001123296,6.226470044,3.823522671,4.353564996,5.355300658,Normal
GSM388078.CEL.gz,4.860501522,3.452982277,6.811745969,7.158865757,7.537964362,11.11188938,6.62476058,9.265607358,5.967584274,8.914325557,6.469908026,5.882929788,6.919460096,6.858445453,4.564367432,3.892757668,5.700835378,5.952978848,6.235951387,6.920914454,7.007949887,6.968234968,6.869403877,5.387407336,7.606316602,6.910575333,4.887479297,8.302863746,3.747654882,7.83078358,3.938089243,5.277426959,5.027253769,4.482917982,5.834620516,4.972815057,5.535481527,3.328110219,5.005671613,5.686899077,Normal
GSM388079.CEL.gz,4.657288199,3.187692735,6.647454175,6.856027521,7.618427965,10.88902373,6.461323345,9.210534991,5.795253123,8.585003124,6.079857039,5.802066927,7.11740011,7.034283643,5.334297314,3.890173497,5.907914431,5.89547808,5.529022585,5.760609578,6.486818168,6.463898713,6.406967641,6.181046535,7.358474483,6.968362941,5.124298349,8.30523738,3.54427188,7.750348888,3.463013479,5.460677507,4.286890297,4.113220043,5.624316108,4.645251365,4.938461854,3.38263566,4.368096455,6.231723669,Normal
GSM388080.CEL.gz,4.886488235,3.216863442,6.948384461,7.139534112,7.801319184,11.13218796,6.256839871,8.988432081,6.246326737,8.471823352,6.761783299,6.042036261,7.211481972,6.84050446,6.318685363,4.129855616,5.94648452,5.745750354,6.587105718,8.265672223,6.893202164,6.92161999,8.499997092,8.232399983,6.857440661,6.723967857,4.679209038,7.707536303,4.566059229,7.01229563,3.634731609,5.232903088,4.841856584,4.405728598,6.093972542,4.786214417,6.09697636,3.089730034,4.571002523,6.093216131,Normal
GSM388081.CEL.gz,4.852803183,3.1296332,6.714492527,6.811120515,7.55164132,10.91625339,6.448345511,8.633377661,6.207069919,7.898668988,5.960012788,5.777482735,6.804602664,6.846531755,5.81622835,3.988055931,6.250949683,5.998170753,6.335629562,8.408402706,6.494609817,7.204602902,8.414869375,8.23697205,6.815437633,7.122696531,4.597389918,7.799976804,4.542201053,7.558789034,3.596112771,5.320002,4.936091316,3.841021362,6.0567877,4.839720862,5.803385431,3.616793667,4.573847399,6.455501674,Normal
GSM388082.CEL.gz,4.566093894,3.211559835,6.848580546,6.613427231,8.035845928,10.66228901,6.554469446,8.344857313,6.163887247,8.449087435,6.451299578,5.894258888,6.895988237,7.103704437,4.874746248,3.708509184,5.775668778,6.050726814,6.182151641,6.430733763,6.604015187,6.401081743,7.726522824,6.30440422,7.105755618,6.87134113,4.482796242,8.047392813,4.335272456,7.134106216,3.741710171,5.621883923,4.402035625,4.237440367,5.992201813,4.602395425,5.181248956,3.383491282,4.710604228,5.855449308,Normal
GSM388083.CEL.gz,4.589198063,3.381144313,7.011007094,7.019117162,7.857332101,11.5014662,6.237737772,10.31193965,5.150393451,4.255846102,5.210573855,6.875203824,8.117723688,7.269898797,6.399231818,4.188984341,5.917604198,6.688380279,6.800348017,6.287464369,7.616510139,6.390047867,4.054873803,5.669989369,9.954042318,5.711082106,6.685824682,8.065873631,11.31965366,9.808503722,3.989999774,5.216944713,4.113797133,4.727600931,6.986086547,3.97929578,5.191560417,4.8352332,4.187710084,5.551623302,Normal
GSM388084.CEL.gz,4.659039102,3.27562233,7.030128551,6.830838839,6.876943529,10.97449089,6.399997101,9.133694433,5.339361517,8.684112169,6.235819726,5.689938253,6.675806694,6.835799824,4.388699703,3.934697633,5.766029383,5.935100209,5.806418431,5.971739165,6.973780352,7.397300166,7.087131544,5.202808823,8.470103149,6.583047561,5.501477922,7.991528255,4.053118891,8.67861564,3.778177404,5.301317988,4.454344653,3.727062377,5.528545863,4.500114666,4.96101765,3.51966845,4.859684415,6.099492918,Normal
GSM388085.CEL.gz,6.065050833,3.76882833,8.226586065,7.73784579,9.456097905,12.92270089,9.258060211,13.73785981,8.614112532,7.225480641,7.596384955,10.91412485,9.087423626,8.775848242,9.309831027,7.512063914,6.288321782,8.372633123,7.210416266,10.21929264,9.971688041,8.704074038,7.700796116,10.51920367,13.01633841,8.86173774,10.36163185,7.295691369,9.137310202,13.07271859,9.350136908,6.68228487,5.420340267,6.250052698,8.345795473,5.266860838,7.996450973,8.328544768,5.342557717,10.08671484,Normal
GSM388086.CEL.gz,4.667303706,3.36605929,6.775410694,8.311583205,7.850132487,11.99535293,6.126422549,11.42698359,5.134047286,7.445995303,5.060038145,8.891345709,7.841041068,7.346492361,7.245460561,3.994795315,6.03903134,6.493239719,6.241850048,10.49633023,8.13834943,8.425466204,11.05803629,8.562653399,12.03124901,5.93994689,8.401282342,8.448298414,4.581332377,12.09873898,3.803321822,5.441255535,4.77868261,5.711576957,6.757895505,6.933459095,6.252749868,7.039703499,4.930820417,8.672519425,Normal
GSM388087.CEL.gz,4.753678293,3.499692116,7.014807731,8.784132727,8.383289346,13.07740642,6.880531602,9.412575285,5.689405897,8.991567896,5.656557066,5.203031913,7.242283542,8.733037988,7.509065922,3.797370295,5.883646267,7.038197818,7.899500635,10.54137904,7.793943529,9.856768646,13.03844723,9.964107762,9.039576896,6.381468789,6.860786725,6.164434327,5.385243309,9.15835983,4.229848632,5.233510972,5.965014808,5.084067988,7.192553985,8.483999763,6.400141645,5.108923789,5.349570122,11.25728927,Normal
GSM388088.CEL.gz,4.202951999,2.936589698,6.82800728,8.89321707,8.050210333,12.43833691,6.297514572,10.3000569,5.584143821,9.190072949,5.329350223,6.169624457,7.351747747,8.287821483,7.175544156,4.272027309,6.038447479,6.399793589,7.366472395,11.05961117,7.200908989,9.072557875,12.39062834,9.81881428,9.816385985,6.350819561,7.333689688,6.580159527,4.176204423,9.800414442,3.556792313,4.758368637,6.771744364,4.847741529,6.296156902,7.940001811,5.979759324,4.929471726,5.65658904,10.38562497,Normal
GSM388089.CEL.gz,4.537412221,4.245121778,7.185293245,9.261471865,9.190696785,12.30429395,7.882113323,10.77800901,6.174055219,9.701074997,5.285786094,5.741735257,7.902817983,7.907803948,13.72633446,4.464478125,6.776602172,5.875455622,8.488080174,12.99577883,7.561104789,10.63273239,13.65138103,7.09461734,8.61280437,6.585345096,5.572976197,6.079575915,3.600542203,8.714653524,3.867476135,4.456940156,4.656035289,5.397947632,6.058871414,6.744145293,6.21063093,3.619527819,8.069751147,10.13464225,Normal
GSM388090.CEL.gz,5.057657384,3.10039316,6.247860072,6.082839083,8.778051619,11.62117013,6.315595305,10.10784512,5.486950108,8.023119849,5.502854654,7.861874991,7.579916552,7.470273183,6.8410696,3.726199482,5.644213461,6.595884474,6.324430319,5.399908525,7.162874023,5.91593784,7.44207474,4.763715439,9.910040278,6.604136061,6.883069593,8.571809803,3.862098229,9.731446178,3.955785841,5.822384271,4.140809308,4.460157725,7.52226177,4.578570654,5.17932718,3.846869976,4.326115422,5.469723229,Normal
GSM388091.CEL.gz,5.322207389,3.512410688,7.514055007,6.144148084,9.545551735,12.42340112,6.200598155,13.39747775,6.086570554,7.284499831,4.90717048,10.45616994,9.506405327,7.903048168,8.172389921,3.604880621,4.891528011,8.778821402,5.911843485,6.684026161,9.923815242,7.156626834,6.275040543,8.936994512,11.41666693,6.676277904,9.330484174,7.490718714,6.541539932,11.43277505,7.284169846,5.685938496,4.88223627,6.439951101,6.885810246,4.687686164,8.28720082,5.633758917,4.328762815,6.778802587,Normal
GSM388092.CEL.gz,4.177556849,3.300922358,6.79551777,7.400446459,8.389422937,11.60246964,5.893578818,10.42445246,5.937328047,8.898765199,5.959326922,6.838569238,7.313647563,7.08624337,5.078047676,4.164412732,6.059942264,5.598705065,6.723022659,6.948122249,6.940651943,7.137603987,9.034485218,8.395272971,8.947186761,6.71883439,5.128885783,7.610873609,4.103755413,9.053179717,3.912040163,5.771120669,4.493723412,5.403488725,6.154368286,4.676513487,5.991433967,4.082304587,4.543097362,5.439472651,Normal
GSM388093.CEL.gz,5.091263593,2.944775026,6.588910511,7.027229363,8.639961134,11.32916759,6.566037293,10.84376924,5.54548699,8.732833313,5.775027417,7.597516563,7.732542427,7.217068027,5.204345537,4.06722317,5.537778487,6.905926348,6.160762307,6.989892786,7.768784906,6.966929481,7.362460142,6.661294712,9.505533139,6.986363588,6.042567303,7.291738941,4.003619928,9.442437784,6.987577086,5.809467096,4.413512809,4.147917702,5.967443971,5.004257982,5.726215473,5.421157319,4.381721154,6.150635022,Normal
GSM388094.CEL.gz,5.346463815,3.353275782,6.719250795,6.683043203,7.88107205,11.40913779,6.220750791,9.14615809,6.145461832,8.109719781,6.230920804,5.512263985,6.991482844,7.275652997,5.525872583,4.755517191,5.736843694,5.993479938,5.975673208,6.406358544,6.762167133,6.795474909,7.064248236,6.958345973,7.220760593,6.804463812,4.562464656,8.20846367,4.078555427,7.31908466,4.294038395,6.132412956,4.301164374,4.746825848,6.628642875,4.453476712,6.219078416,4.247718187,4.796568074,5.668684871,Normal
GSM388095.CEL.gz,5.332684868,2.976471488,6.706031405,7.400239827,7.461845872,11.3334102,6.506492173,10.43657978,5.752183312,8.931105776,6.054669825,7.155022155,7.37079322,7.242092872,8.186984116,4.138823699,6.270524625,5.948099269,6.112779591,8.843905217,6.497069613,7.205383795,8.964742779,6.191878651,8.456146021,6.992980305,5.360180127,8.236846393,3.245706217,8.737002155,4.334987171,5.612700082,5.30736091,4.591618881,6.845116847,4.801491401,4.949962605,3.656602117,4.959414404,6.417474181,Normal
GSM388096.CEL.gz,5.212438606,4.016525353,6.668932519,7.880807039,9.28597471,12.37206047,7.19489216,13.35451166,6.729648834,8.393386158,6.837717358,10.66056485,8.817114921,8.277178473,8.315563207,4.740755694,5.65369764,7.863590188,7.585441535,9.072820818,9.425808191,8.036597467,9.237266456,11.43092314,11.64799793,8.455204577,9.3938345,6.575073419,5.544720115,11.70367243,9.791325397,6.084615632,5.042344648,6.231698255,7.210306986,4.954756274,6.733966396,6.742070537,4.964858884,7.638809622,Normal
GSM388097.CEL.gz,5.059158225,3.173584121,7.355549259,7.704560916,8.890468677,12.7837805,5.891713803,14.09503859,5.128126134,6.099591636,5.194497996,11.26148222,10.00498774,7.688762502,7.33561657,5.358349853,5.463722955,10.32696012,6.581662552,6.113393061,10.71261732,6.126095035,5.277644867,5.887669051,12.01628956,5.891176652,9.22000405,6.783489214,6.870073166,12.09439743,4.197836675,5.401738512,6.167819008,6.312794349,8.466447428,4.074428603,8.891560971,7.656547009,5.134581908,5.713431275,Normal
GSM388098.CEL.gz,4.492814509,3.153074554,6.850263835,6.405099845,8.513506584,10.84825105,6.298006931,9.161577445,5.878624278,8.929374128,5.939096224,5.772924769,7.055912571,6.910878604,4.382187787,3.958946751,5.525213033,5.32476571,6.151000031,6.623030648,6.914510886,6.429147615,8.431473466,5.839668753,7.113810951,6.612836242,4.929783642,8.084401505,4.138502679,7.358122665,3.539598867,5.632065159,3.752141674,3.888898811,6.615912099,4.935983353,5.604129828,3.630241717,4.408618982,5.556385789,Normal
GSM388099.CEL.gz,5.400349354,3.235383979,6.454063488,7.461051539,9.392060603,11.78321768,6.752685624,12.77810612,5.499661289,9.811795004,5.982973068,10.15137996,8.398954307,7.606981618,4.064305814,4.20845612,5.419652381,5.740180133,6.941869613,7.692431984,8.229508547,7.026910332,8.442187096,7.75255451,11.11638015,6.790523758,8.156897847,6.660777204,4.491086982,11.05009784,8.564390243,6.018331543,4.715162571,4.413298712,6.797798537,4.922447213,6.124206414,5.932795406,4.594858671,6.221682867,Normal
GSM388100.CEL.gz,4.880873185,3.366885762,6.563558615,6.800527358,8.576273621,11.27460192,6.852580741,9.569231518,6.00808077,8.191311904,6.684878932,6.435108301,7.265747992,7.063757327,5.279985538,3.802971669,5.279042143,6.035106626,6.073721322,6.891745506,7.021676441,6.532683153,7.997096046,7.875842498,8.101895248,6.576327663,5.052195755,7.559284247,4.557966069,8.102469989,4.017390518,5.731980376,3.952101873,4.521460544,6.586372968,4.568684296,6.489654826,3.6349676,4.576449731,5.673845073,Normal
GSM388101.CEL.gz,5.069619432,3.474363659,6.904506561,7.000242276,7.901336153,11.23109415,6.281331278,9.011514915,6.106930248,8.314997587,6.081632229,6.09171998,7.277756445,7.387283473,5.786584272,4.335809849,6.226686428,6.023601484,6.533898675,7.142338489,6.862130613,7.033157312,7.63013477,7.460128272,7.775065176,7.08735173,5.12272296,8.033908315,4.617357097,7.995153044,3.970999824,5.621156835,4.35195311,3.726898458,6.646792868,4.349942218,5.63486073,3.518963038,4.78027375,6.103515717,Normal
GSM388102.CEL.gz,5.287325371,2.993548293,6.641823097,6.684626645,9.182227716,11.16297233,6.301491308,9.927489765,5.511199756,9.669943461,5.877703121,7.510630397,7.784105279,7.698186908,4.589011823,4.171657494,5.440264455,5.988690555,6.276935617,6.367017095,6.953680866,6.20697764,8.496512917,7.402392296,8.559007084,6.371663665,5.591063918,8.246110507,4.218055602,8.704240195,3.625629452,6.016839061,4.057416771,4.709787855,6.865961296,4.974443041,6.178843299,3.576570963,4.197791478,5.694692424,Normal
GSM388103.CEL.gz,5.305076072,3.006381968,6.823798335,6.268867388,8.570515373,11.44644496,6.51674193,9.462295047,5.694818456,8.866984612,6.085984026,6.698383123,7.571529813,7.384120461,4.290169596,3.753784867,5.441382923,6.487223537,6.23507522,6.93116912,7.048558795,7.119352233,7.263939139,6.148939272,8.173603285,6.494743798,5.60638825,8.055912158,4.030212937,8.207140412,3.615553301,5.986312019,4.294325098,4.909902789,6.424860649,4.953959933,5.385667689,3.530776666,4.288206552,6.069816344,Normal
GSM388104.CEL.gz,5.355927284,3.283826191,6.931116704,6.3879218,8.158774799,11.68728316,6.873051378,12.12385421,5.640822542,4.835773592,5.269764966,9.190763916,8.051029589,7.625600319,7.471900484,3.970023932,5.573896655,6.295157368,5.793369315,7.265462488,8.903123224,6.46380897,6.547540863,6.972500835,10.98648791,6.02385927,8.503956616,7.839869475,10.804233,10.98812612,5.534070914,5.625551902,4.549457177,5.536630516,7.342204541,3.697042102,6.274740865,5.431391886,4.464790216,5.886455446,Normal
GSM388105.CEL.gz,7.182232,3.657113675,6.677425356,7.486629741,10.69861289,12.57746616,8.817960149,13.67635174,5.090956555,9.965010268,5.445087574,11.60757537,9.130344857,8.368011316,5.518465524,3.542360187,5.550438522,6.51835189,7.633323686,8.696866059,10.00981097,6.908209889,6.839899684,8.163872123,13.39002691,8.914340082,11.3754477,6.47880764,6.733270888,13.42926542,10.20262571,7.56746287,4.246476016,6.245783158,8.439812219,5.4612897,7.685623064,8.196330347,4.600891817,6.347657282,Normal
GSM388106.CEL.gz,4.239677523,3.342861427,6.432232101,8.799650172,8.396153012,12.07419968,5.653451799,9.583557991,5.280771855,8.408566177,5.483425779,5.163082854,7.254641808,7.621077452,6.783411962,4.511536179,5.50699765,6.623050644,7.423743752,11.13206022,7.115513248,8.247147875,11.37908085,9.135671949,8.850901792,6.575957019,6.463804317,6.444405097,3.81782739,9.023591889,3.606379575,4.670687914,4.735248768,4.768447122,6.031169718,7.883142094,5.517389042,3.900817915,5.211654743,9.534562466,Normal
GSM388107.CEL.gz,4.148852225,3.105448742,6.724142914,8.770861874,8.491426775,12.13252447,6.003366312,10.21261813,5.735707001,8.34888947,5.411579153,6.156053839,7.249599686,7.921191002,7.133587083,4.089049226,5.479412843,6.452314466,6.806967967,11.87008004,7.359242259,8.51098794,11.80333863,9.947210715,9.386148128,6.628302022,7.359777174,6.511779107,3.980634833,9.417631935,3.544314284,4.629992976,4.876287252,5.249918805,5.907536767,8.009424413,5.805852453,4.042196566,5.285944392,9.531304031,Normal
GSM388108.CEL.gz,4.998609475,3.3888927,6.856037899,7.114272298,8.030220871,11.11258173,6.588347025,9.684694357,5.899343668,7.923892764,6.627882122,6.548697987,7.599285423,7.674852306,5.83335336,3.890527153,5.777733967,6.237463913,6.127932322,7.372319113,7.129031589,6.384710427,8.992704043,6.055807697,8.201233929,6.642085337,5.518701155,8.090476331,4.682735504,8.452501132,4.067966895,5.627218822,4.340971368,5.072076586,6.365602065,4.903582998,5.846292735,3.689506508,5.219439851,5.861853542,Normal
GSM388109.CEL.gz,5.185945603,3.249851149,6.639478906,7.23741832,8.224795952,11.2043074,6.817975872,9.314960112,6.014983023,7.999206062,6.620228501,6.631191846,7.685422443,7.918903008,7.897756668,4.458141737,5.985343822,6.567511256,6.421514771,8.762659351,7.045498368,7.252228407,8.878364449,7.253016162,7.746988979,6.947806879,5.2456205,7.441897343,4.847550878,8.35360761,3.873552642,5.953835681,4.57548029,4.521583665,6.67483038,4.723500403,5.543970633,3.708044937,5.0111874,6.45936288,Normal
GSM388110.CEL.gz,4.9185482,3.05275644,6.991854548,6.119876354,7.893390187,10.92712412,6.353488577,9.040840819,6.14451714,8.64837501,6.163652499,5.700694406,7.077946168,6.555028995,5.158983588,3.994867126,6.214503606,5.938119455,5.486410694,6.532230881,6.914300708,6.040462693,7.598673189,4.589648264,7.408055199,6.654661117,4.307872495,8.289848122,5.122939903,7.971384927,3.825854232,5.602628359,4.307914776,4.177816789,6.099380161,4.654069452,5.676236275,3.397361218,4.831241108,5.769305763,Normal
GSM388111.CEL.gz,4.230177999,3.861066957,7.240052412,8.188421471,4.924200128,9.23126906,6.506915221,9.198939826,5.567872653,5.997673969,6.168184564,7.388763002,6.928823735,6.17124891,6.654913564,4.867420703,5.990098989,6.655695896,6.601967342,7.887047774,7.133683009,7.324109219,5.949096425,6.609963494,8.52411027,7.950031819,5.969527551,9.679386086,4.927726408,8.671827038,4.521653068,3.863749781,5.004562612,4.05535104,5.151987196,5.012183157,5.462099569,4.760890872,5.616048886,7.4552651,Normal
GSM388112.CEL.gz,5.091263593,3.205887688,6.447515351,7.014461607,7.651217633,11.03320341,6.316325483,9.213288774,5.637123066,8.196321448,6.195613225,6.681053977,6.99834173,7.244056749,5.756107305,3.320480944,5.691173282,6.159781824,5.518882545,6.8787357,7.553171332,6.954116582,7.841696025,5.994067825,7.598005076,6.766221435,5.294059699,7.734364709,4.981206179,7.754706937,4.221854358,6.040380452,4.608973979,3.73313174,6.464215091,4.891454787,5.476850817,3.299964803,4.768143036,5.679893607,Normal
GSM388113.CEL.gz,4.72112451,3.364306869,6.756256006,7.150973275,8.097819031,11.62075131,7.294372689,10.37884021,6.426286493,8.234777123,6.17287341,8.029504605,7.63583515,7.476109511,9.443016761,4.310676234,6.141980106,6.468339722,6.927813953,9.550535916,7.230765679,7.831023442,9.948869672,8.582823829,9.470412205,6.829170129,6.424476784,7.630659439,4.775119642,9.71436317,5.095019777,6.003195426,4.653446924,4.953590971,6.338519203,4.835240591,5.32449669,4.52638087,5.122289589,6.589159777,Normal
GSM388114.CEL.gz,4.979399497,3.389545889,6.753862091,6.555340509,7.770215183,11.25597758,6.665568193,9.893551851,5.023320023,4.129615546,4.927485249,6.989066815,7.727038258,7.517220693,5.192052587,3.877875885,5.544884788,6.313141465,5.593853572,5.827647367,7.860449725,6.318600703,3.719382539,4.083354057,8.738431967,5.984145353,6.398847874,8.219965089,11.38521492,8.68393247,3.493612936,5.717706711,4.335115726,5.253835033,7.18320055,4.201997847,5.530404865,3.665284661,4.149704473,5.281906468,Normal
GSM388115.CEL.gz,6.516963199,4.093023276,9.314087274,9.968114701,9.702484342,13.15656099,12.53123403,13.70141322,9.714631654,7.716041989,11.02312675,11.24325518,9.699237781,9.597448917,9.45031846,7.123790427,5.362544641,7.435385773,7.548794492,9.4019291,10.12160915,8.107748392,7.175739095,6.390432847,13.20470036,10.08672966,10.95797981,6.666696776,8.554109842,13.28975125,9.45140462,7.353385366,5.979138957,6.421906512,7.719925519,6.339767677,8.095628829,7.689509879,5.631511146,12.11746222,Tumor
GSM388116.CEL.gz,7.321847273,4.396153522,9.232280166,9.903495051,9.556672571,13.04615955,12.39174839,13.84250391,9.458978709,7.82702282,11.11160175,11.36505007,9.856379164,9.682853323,9.241078222,7.634213264,5.159640493,7.282713362,8.043541702,9.525344336,10.31084908,8.278802109,7.389327824,6.751532544,13.23948626,10.10988756,11.08570198,6.96382503,8.884515967,13.32962091,9.393266084,7.551570781,5.734999316,6.825384791,7.824203762,7.285812702,8.206613214,7.920950641,6.068965938,12.11976212,Tumor
GSM388117.CEL.gz,7.230637912,4.731356388,8.70515616,9.425847059,10.73254183,13.27282012,9.984461871,13.82696867,7.277375337,10.17845389,6.721000443,11.90056217,9.695884464,9.223915868,12.58401517,5.393227876,9.318089392,7.796653171,9.219387723,12.56630054,10.25548021,10.99277421,12.46323486,12.91381602,13.37332468,9.582213227,11.7442751,5.7197279,9.162644578,13.47675918,11.22738039,7.622798317,7.425203254,8.540319677,9.472317399,7.59953615,7.726570912,7.761568039,7.496297759,9.740802081,Tumor
GSM388118.CEL.gz,7.463012582,5.202768168,8.515502401,9.226699909,10.14573855,13.14726132,10.12420676,13.88700837,7.296202444,10.10311962,6.776321664,12.04542984,9.656076262,9.194344293,12.61342834,5.406933731,9.254187375,7.878000212,8.9628346,12.53528997,10.03362922,11.05774778,12.22339796,12.93357501,13.40304761,9.313943979,11.86656995,5.677601938,9.264109651,13.42823239,11.19957726,7.648066192,7.021786324,8.251384973,9.548134085,7.360855019,7.844401094,7.793886779,7.455094919,9.408805695,Tumor
GSM388119.CEL.gz,7.402445297,5.3750394,10.36350355,9.479496894,10.83360334,13.43064997,10.28025983,13.56547236,9.380735717,10.42037138,7.977108488,11.37041479,9.010289364,9.55410722,11.36463924,9.137982938,7.323723571,8.006655154,9.360417336,11.42351492,9.932041393,9.517409992,11.31994457,12.73267415,13.08447044,10.68268536,11.14424016,5.619601556,8.452918301,13.15575907,10.71090654,8.07214943,6.601407883,8.820254818,8.197916668,6.989108899,7.759748315,7.359604377,6.465888472,10.95397022,Tumor
GSM388120.CEL.gz,7.48801204,5.138258942,10.27706992,9.543599332,10.09762118,13.25961985,10.473922,13.6025974,9.244127604,10.21583762,8.065937248,11.61181979,9.03816916,9.621883828,11.46888857,9.062988747,7.080953371,8.153639314,9.016661574,11.42834795,9.769873817,9.482495199,11.25987785,12.83014489,13.15091379,10.56340024,11.14606308,5.772142108,8.43973505,13.27617935,10.38972916,8.168729017,6.656607526,8.66926317,8.612837062,7.627520445,7.777309191,7.477000136,6.219344383,10.66391655,Tumor
GSM388121.CEL.gz,7.049626328,6.276687373,10.60429093,10.08009511,10.35825977,13.44856117,10.18542488,13.80905707,9.293236919,8.853554777,8.066452866,12.22870634,9.802748719,10.30934971,13.27626208,7.893975779,6.920113749,7.813330354,8.719338066,11.42724511,9.961130844,11.90084851,13.03717207,12.85888849,13.59160235,9.586852963,11.69357574,6.224158925,8.217567455,13.69493475,11.37550485,7.683077097,8.079835353,7.230010747,9.583256114,6.094279736,7.147170306,8.158565747,7.231161623,10.79812123,Tumor
GSM388122.CEL.gz,5.449080325,3.591408243,6.966865094,6.990807473,8.942207836,12.70434449,7.357791633,14.09503859,6.414760953,7.135952691,6.039677081,10.9848651,9.060467487,7.637333763,6.172071083,6.47963691,6.07873145,8.779063049,6.555117274,7.691017108,9.73691344,6.876271878,7.923226713,10.11609824,12.56981329,9.238807302,10.47982797,6.7583578,5.998055014,12.57099574,7.72891847,6.059677796,6.182507808,6.53519468,7.680825337,4.435576049,7.700026632,8.755665658,4.725652794,8.317622249,Tumor
GSM388123.CEL.gz,5.216704656,3.24643041,6.810180156,6.50075704,8.84911644,12.35830314,7.146163275,13.11567808,5.719828521,8.596134477,5.629398525,10.60267654,8.616267232,7.61642405,7.796561675,5.04551153,6.131355029,7.302093126,5.94422714,6.789543701,9.189474673,6.514889873,6.161765803,5.045212883,12.91473622,7.132071162,9.94037262,7.440031288,6.696028975,12.91846573,5.058069186,5.600063832,5.087935479,6.134978042,7.756245699,4.570233712,7.844314488,8.167793802,4.580789917,6.071354679,Tumor
GSM388124.CEL.gz,5.910594558,3.773714204,8.00255093,7.671818353,9.138153742,12.49937257,8.436811406,12.13741001,8.65414039,7.610173369,6.516882166,8.859478423,8.286166301,8.828776469,10.22332533,7.204212708,6.411580461,6.76784946,7.443499224,10.80414292,8.705284838,8.850971477,8.87672442,11.05046528,11.66008072,8.10503787,8.991228193,7.425769694,11.72830331,11.70186253,7.821606664,6.474862206,5.320694057,5.837419845,8.217607545,5.357211409,6.184710444,6.050740782,4.954186105,9.770313904,Tumor
GSM388125.CEL.gz,6.417894644,3.553087747,6.883528244,8.128689291,9.927447191,12.80101494,9.003353792,13.54954871,7.641223205,8.227196817,6.963354739,10.69553479,9.100359216,9.284562269,10.33194274,8.018273576,7.156403976,6.85886216,8.199134857,10.67173974,9.651083152,9.085217923,11.2921472,9.126222412,12.63221998,7.966983015,10.09943019,7.468989943,9.829502103,12.6699184,8.075872738,7.137200968,5.009115827,7.298388554,8.287871,5.640012718,7.029919291,8.193625418,5.343285766,9.476513808,Tumor
GSM388126.CEL.gz,6.524685341,4.078947434,9.567868223,8.971164774,10.21305217,13.33074794,10.76689026,13.37643437,8.750418279,9.668354667,9.188261296,10.26256922,8.958889691,9.879664357,11.59550878,7.881065302,6.342622963,8.248308201,8.781184974,11.43138738,9.550816906,10.11725412,12.68661506,9.844627443,13.04144666,9.722255869,11.12011609,6.10582236,8.219886028,13.20235311,9.014130602,7.437269827,6.197629057,6.656970559,8.558339436,7.838627195,8.320660232,7.071041627,8.015942091,10.95974605,Tumor
GSM388127.CEL.gz,6.013690183,3.579797925,6.636857436,7.41419685,10.32082685,12.65681802,8.856670019,13.39636094,5.790995886,9.738998227,5.604607095,11.25901934,9.423494522,8.826514462,5.100213021,4.421148497,6.128999194,8.145853258,7.570147937,8.454451574,9.662075505,7.697450286,7.289393057,10.38032998,12.75772628,9.159855983,11.21197903,6.231352609,4.804373547,12.75141528,10.73438209,6.987503629,5.259495336,5.591886158,9.358677814,5.880263704,7.559818737,7.938436598,4.425939381,7.929619808,Tumor
GSM388128.CEL.gz,5.297675948,3.573820439,6.412728544,7.245100094,8.893978423,12.53306736,5.991159358,13.92155672,5.918709914,6.675757463,5.871506822,10.87782992,9.106699481,6.848846538,8.746564495,6.76608713,8.828897001,7.470401744,6.047788157,8.45746496,9.65107044,6.867808875,10.09352495,9.868615131,11.74175241,6.381717066,9.55289683,6.662136874,5.982878783,11.81334126,6.931764489,6.299000187,5.089595088,5.665998439,7.394367397,4.527636438,7.633211321,6.861264279,4.739889377,7.245825847,Tumor
GSM388129.CEL.gz,6.892289453,5.731826268,9.095864038,9.391442215,10.21471348,13.34784958,11.74272006,13.73760705,5.938015444,10.58226661,6.464254744,11.56440543,9.470694615,9.201534737,10.99831082,8.133577739,6.118221586,8.001325548,8.669118569,11.47987846,10.30661447,8.536133786,10.98278646,7.738284403,13.24773916,11.28746573,11.223985,5.81139784,7.055454184,13.51170881,10.43666888,7.621671795,6.316321454,6.984391398,8.438291561,7.665263083,7.738297243,8.493200219,4.968250974,9.965102438,Tumor
GSM388130.CEL.gz,5.212711617,3.29052699,7.321075368,7.908608301,9.455065581,12.13117333,6.246153563,13.17317666,6.618521129,7.597930676,5.254107827,9.702928351,8.874593808,8.036977386,7.500364044,3.497332251,5.167901422,7.210445891,6.630994813,7.452638929,8.806846181,6.829628902,7.123020152,8.298855363,11.56023174,7.158362814,9.272565857,7.172335446,6.862455913,11.54942334,8.062831078,6.447880266,5.031879957,6.798514593,6.977107092,4.67621546,8.152427751,6.453342011,4.143820421,6.861736183,Tumor
GSM388131.CEL.gz,5.921438453,3.670108639,7.021984315,7.851166591,9.427850675,12.83785142,8.429634539,13.49869226,6.598177221,9.09695616,6.400176866,11.63634612,9.205086966,8.278650567,8.05304737,3.967357264,6.683371269,6.496056639,7.322178382,9.719023316,9.686122761,7.877800837,9.201010432,10.680445,12.70579808,9.143571621,10.99620023,6.38231105,6.64907414,12.82917008,9.901305605,6.597562052,4.46479023,6.135342011,7.596671823,6.045060233,6.911615513,7.399607584,5.310413539,7.942461786,Tumor
GSM388132.CEL.gz,6.578410463,4.348622258,7.717652231,8.099168679,9.469376852,12.91378696,9.481111675,12.94317394,6.551845546,10.30668064,7.73750281,11.22039649,9.02576098,9.833361989,11.06001033,7.145716199,6.538025347,7.156749128,7.59593456,11.41637442,9.32190186,8.398225449,10.40643005,9.790412945,12.46350666,8.589980291,10.5356468,5.986564578,5.801686967,12.50513752,9.889432189,7.447870596,5.953364601,6.209139617,7.728249488,5.826619449,6.520368188,6.295367329,5.500093449,9.018730612,Tumor
GSM388133.CEL.gz,6.352630059,3.421923314,6.978913434,7.759403665,10.51774219,12.94208645,8.506471299,13.8264528,6.534467336,10.75148293,5.798158481,11.82890145,9.26616617,8.601708463,8.087323917,5.171130251,6.137735237,6.720339263,7.611251914,9.615941813,9.637497646,7.673992234,8.057074411,10.01412868,12.71570925,8.252528095,10.77815975,6.207359906,6.309278698,12.71443113,10.4872905,7.186876268,5.164730987,6.10675583,8.223484859,6.403698368,7.372447419,6.831217534,4.659392867,7.699630117,Tumor
GSM388134.CEL.gz,5.522803137,3.122256307,6.913751729,7.50394455,9.421607059,12.44030972,7.270457124,12.96234565,5.788008053,9.931783283,6.339732295,11.12541878,8.683218059,7.6141012,6.67931478,4.536060843,6.0267674,7.274681151,6.924541328,8.143841172,8.946074918,6.910243354,7.131411115,7.544913345,12.10877113,8.154576489,9.826747534,6.763643614,6.163838574,12.09714474,9.760593809,5.823782763,4.214612092,5.292777866,7.210274318,5.168950499,6.769495743,6.220863886,4.799621011,6.765605074,Tumor
GSM388135.CEL.gz,6.124482964,5.13006412,8.445739096,8.831674951,9.475730019,12.94075655,8.554364721,13.31215289,8.577369263,9.628869356,6.048682068,11.20414504,9.023510012,8.932006073,11.77530985,7.068376017,7.661450305,7.240244179,8.837805743,11.82037828,9.543660303,10.33288042,11.72187062,12.59652445,12.37443744,9.131701456,10.34535304,5.858204081,8.413048623,12.28505935,10.69243167,6.807170498,6.801742542,7.600282132,8.427140003,6.892449633,7.017552749,6.641039059,6.868885597,10.03952621,Tumor
GSM388136.CEL.gz,6.035145712,3.693783219,7.079163256,8.243289676,10.14731253,12.85728931,9.224303749,13.9613722,5.712021725,9.428892767,5.995860631,12.10282257,9.724084887,8.299615347,7.128249439,5.779962178,5.592619346,8.336411768,7.212802819,9.196998759,10.47177297,7.20780685,7.240857676,9.356679738,13.38308435,10.08971802,11.73586142,7.164195108,8.958982669,13.6042511,10.20805578,6.964312356,4.864350863,6.551508963,8.827600175,5.554576458,8.588496857,8.503577868,5.123153984,8.182606778,Tumor
GSM388137.CEL.gz,8.376645435,6.168125488,11.03616505,8.776766258,10.19400978,13.82321519,10.96909716,13.12409789,8.632007757,10.06935228,9.812289356,11.60612125,10.87640226,4.554083686,8.947318407,8.965461456,5.5828302,7.999719246,9.919225705,7.696448845,9.356110107,10.21084839,9.066395556,9.300317239,13.44959319,11.47928214,10.31851508,5.532028259,7.300577165,13.73593653,8.812568389,8.841032379,6.592160513,6.566027603,8.630983548,7.373360105,6.987138833,8.452781593,6.425662853,11.32624413,Tumor
GSM388138.CEL.gz,7.678220843,4.433368695,9.672881235,9.719685656,10.39522869,13.57785976,11.7925215,13.76952702,8.600294644,9.765563403,10.27784062,11.72268847,10.34976102,10.47686299,11.69269017,9.257396468,5.449446629,8.956117695,9.049317627,11.29280617,10.15708842,10.05951489,11.47704638,12.15884785,13.35404239,11.95578295,11.47033521,5.108971261,7.065850516,13.55034308,10.56105174,8.047815033,6.811228089,6.586769977,8.914743256,7.169389651,8.050758505,8.229927908,5.395371014,10.17107449,Tumor
GSM388139.CEL.gz,6.18226875,5.487557635,8.022957835,8.185200105,9.818736437,13.34273954,9.027052538,13.27467245,9.268082698,10.11529997,5.449536851,11.32945379,9.914814375,10.18285869,12.00538543,8.836124961,8.363620623,7.124625935,8.467748528,12.19583614,9.779115624,10.21054544,12.27906591,12.85754728,12.82571165,9.677129053,11.07534555,5.666850583,8.576333913,12.95987147,10.25668826,6.79306748,7.098769657,8.089772392,8.697126011,8.0312793,7.027931844,6.841625624,8.640690728,10.17446832,Tumor
GSM388140.CEL.gz,5.657513854,3.756517437,7.506054057,7.978641737,9.280737287,12.82206479,8.180594844,12.63281711,7.291882226,9.651756072,6.137952242,10.48688835,8.842521115,9.069164614,11.17535637,5.126866048,9.142774585,6.061918383,8.156895531,11.79608959,8.939971045,9.932403321,11.39256614,12.38995493,12.02550979,7.307945675,9.770533933,6.513639435,6.478710803,12.04027087,8.898129533,6.344145106,5.58377802,8.166569193,8.232849112,5.956763363,6.226971232,5.907821161,6.213832518,8.94037781,Tumor
GSM388141.CEL.gz,6.705066217,4.253818132,9.28589082,8.243483983,9.715336992,12.83079099,10.01950745,13.71228703,6.963661112,9.245602241,7.60508844,11.35470278,9.409365576,10.0163496,10.23459941,7.355681686,7.469376463,8.207818009,8.02061287,11.06289305,10.14554793,8.638644562,10.50356328,11.66253291,12.83533645,11.13032488,10.94772524,6.991803014,6.046936848,12.86359523,10.2044041,7.224660338,5.14028977,7.037146806,8.189057464,6.374688107,7.50180164,7.80337869,5.908913245,9.97536273,Tumor
GSM388142.CEL.gz,7.712791558,5.117891587,8.909667681,9.521557407,10.23530121,13.40791659,10.17393201,13.66556564,10.0618071,10.34755107,8.877215326,11.69229365,9.311427626,10.38661782,11.59460149,8.777551016,7.262573436,8.010190177,9.299049935,12.01546348,9.686611186,10.67337026,10.19644463,12.6818198,13.21447869,10.05895245,11.4690072,5.2170399,8.991990303,13.25481017,10.30305624,8.386019617,6.394871528,7.221735095,9.021793018,6.765707496,7.194725487,7.371264778,7.663070446,11.07126875,Tumor
GSM388143.CEL.gz,6.20844522,5.057352263,9.912570844,9.953800651,9.807480939,13.32549002,10.06561726,13.32754192,10.57192981,10.68375542,7.606188208,11.64813482,9.166037787,9.553258998,12.81127459,5.75432847,8.49448896,8.35110025,9.447924104,12.1503098,9.594905323,10.48473762,12.29535997,11.87998096,12.94795729,9.682820513,11.01739544,5.447547642,7.726167856,13.01941252,10.9131161,6.953819886,7.63706601,7.62883835,8.361508792,6.268318747,6.943613398,6.873432517,7.684323398,10.88395376,Tumor
GSM388144.CEL.gz,6.681205106,5.991952373,10.68290455,10.02799217,10.19340011,13.33578707,10.57844401,13.93490356,8.954241074,10.91830208,7.699925073,12.65942948,9.752930841,9.660591418,12.02410037,8.120806052,7.409203685,7.549740577,9.367028176,11.31669954,10.55528774,10.8370195,11.50206353,12.86767688,13.48263712,12.05489006,11.42031685,5.22243626,8.226495087,13.57216392,11.16540516,7.831630212,8.072971003,7.400115605,9.062528259,7.110371697,7.771175396,7.838933565,6.395265615,10.01039294,Tumor
GSM388145.CEL.gz,5.466017206,3.558059472,7.04649862,7.797751757,9.251891491,11.92187356,7.443438978,12.51550862,7.653103592,9.357059257,6.136714368,10.26894481,8.48679256,8.001632001,7.182413713,4.547688251,5.960249046,6.75619176,7.44268647,9.665207063,8.742971685,7.909343491,8.272552811,8.629878348,12.25105729,7.984739777,9.973237354,7.260280765,6.342168645,12.24914788,9.427878683,6.041429709,4.419533796,5.663991746,7.501386245,5.281313496,6.731653727,5.753772582,4.575571555,7.913758301,Tumor
GSM388146.CEL.gz,6.74178824,4.051123774,7.743762169,9.27191756,9.91992098,12.57141642,8.485346309,13.84876926,8.719858342,9.940898476,5.379400588,11.82830477,9.344406178,9.635648868,12.14096343,5.028551447,8.632438825,8.13973786,8.845865443,12.10492761,10.24213173,9.652564706,12.4400384,12.68754921,12.91224681,7.296416024,10.99410703,5.47562348,8.55974258,12.98824884,10.94809565,7.357855143,9.353751221,7.424049596,8.312653908,7.645099379,7.219931369,7.598966538,8.848208427,10.31766956,Tumor
GSM388147.CEL.gz,7.247176504,4.12278768,7.436546195,8.421561225,9.966120652,12.73760147,9.795947813,13.0661632,6.764224207,10.13462285,6.472392706,11.50318291,9.092165373,9.256803233,10.60407535,5.369794146,8.764434155,7.832310892,7.853086312,12.35288208,9.313706349,8.328378235,11.51125588,11.44019667,12.77291601,9.122510528,10.95122366,6.664101623,7.544146972,12.84702467,9.889346108,7.86841269,7.36037355,6.356780696,7.900821785,6.279094809,6.929526954,6.799625635,6.452755248,9.090803284,Tumor
GSM388148.CEL.gz,5.819382889,3.97212351,6.843015517,8.207630324,9.487398002,12.34800739,8.008051474,12.49698277,6.516755445,9.739928995,5.876519674,10.399557,8.582476889,8.675943055,10.67822226,6.595182118,6.137439895,6.712684352,9.003134136,11.54650196,8.741202561,9.014054546,10.97717507,10.3066989,11.47736281,7.226625371,9.410076001,6.520473313,5.051838573,11.47621465,7.66943495,6.540609516,5.739798458,6.721606258,7.958512281,6.584374551,7.001904042,6.002152507,5.236322528,9.068874894,Tumor
GSM388149.CEL.gz,5.517110773,4.155162591,9.085403998,9.487465221,9.879349686,12.81071611,8.042653542,14.01092143,7.857518076,9.49889405,7.13205586,12.29140961,9.432923634,8.595108508,12.01830715,5.644121277,5.932233717,8.056382757,8.100844388,9.78882522,10.52823415,8.705703771,11.43875188,6.93900089,13.60895167,9.26432831,12.20739704,6.372226852,10.24756003,13.76978732,11.17622925,6.362375711,5.387429516,6.474669046,8.850217416,5.756702822,8.081392632,8.706211979,5.79624196,10.03513269,Tumor
GSM388150.CEL.gz,6.234052362,5.521474011,8.4120852,8.952824855,9.917694212,12.99316668,9.288956942,13.78682833,9.650339638,9.436131495,8.004731588,11.92112867,9.55699339,9.23445062,10.56424362,4.891810228,7.079088791,7.473091042,8.132077453,11.93608685,10.33737941,10.64745263,11.67989468,12.65526442,13.17202957,9.182538388,11.12201924,6.193116412,8.103962349,13.23789371,11.38845393,7.253682349,6.393917421,8.018094124,9.212822076,6.155715512,7.634273946,7.5877457,7.072509156,10.03981461,Tumor
GSM388151.CEL.gz,5.962713604,3.659827903,6.691431738,7.748808063,9.275572725,12.57962901,10.21571871,13.64350189,8.69404898,8.103723671,7.138200364,11.25391825,9.364424516,8.378102193,9.990018816,8.494331178,6.177027765,7.087068627,7.541251515,12.09890406,10.05647255,8.277494487,9.066832748,4.661514151,12.57001221,7.462948028,10.56712882,7.099087481,6.359718649,12.58908556,8.376626144,6.478956277,5.041605591,6.2759466,8.855469755,5.356401486,8.599860939,7.92821529,5.18938027,8.428293193,Tumor
GSM388152.CEL.gz,6.567976538,4.529400999,7.644470409,8.394549273,10.00730301,12.99496563,10.34472322,13.95888405,7.865194216,9.061868671,7.615062042,11.97828948,9.741623836,9.580281462,9.44450599,5.503329798,5.996721451,8.390328658,7.403093463,11.01044607,10.23504527,8.91463863,9.843133908,11.89391038,13.15999157,10.6338647,11.34673305,6.822176918,8.257169173,13.25731342,10.82979724,7.206612579,6.080406084,6.700742018,8.464154205,5.986247263,7.787110362,8.016955126,5.753189744,8.814273139,Tumor
GSM388153.CEL.gz,5.419053898,3.731735706,7.663325726,7.761324527,9.604524468,12.25160222,8.700889702,12.98803164,6.753545454,8.932398126,6.998461569,11.20687446,8.914748011,8.232572939,10.14900252,4.735928007,6.290870821,7.020183821,6.232166491,8.799914886,9.193879121,8.182333875,9.094016363,9.121363204,12.60130268,9.183194721,10.4651975,6.975021363,6.518835431,12.59216072,9.416868914,6.159701556,5.16323236,5.704694314,7.947587162,4.851683465,7.249072092,6.695492302,4.570517267,9.099335357,Tumor
GSM414924.cel.gz,6.104092475,5.186206231,9.080727576,8.542836431,9.974283431,12.98669118,9.38511808,12.73112856,9.00698196,10.44854375,6.897562194,10.07471385,9.748603934,9.581700019,12.36388603,4.38902529,9.211247122,7.315049318,8.754974456,13.12392007,8.35098292,9.292370508,12.69595285,12.84215232,12.21872939,9.441987382,9.750267849,6.055813472,8.011683607,12.07505095,9.388023258,6.941799275,7.899498175,7.722751283,8.430793837,6.840231871,6.178151675,6.242213552,6.094283753,10.1552308,Tumor
GSM414925.cel.gz,6.904938456,6.469658696,7.776970024,8.879281244,10.72401063,13.06432278,9.962761724,13.57322055,10.39615429,9.917641778,9.499893623,11.11466123,10.40113944,10.8119033,12.65559882,5.220300918,6.630024469,8.318625181,8.649584964,11.760206,8.604864604,10.51643463,11.8269815,13.17687688,13.16663861,10.49457901,10.56089171,7.112163704,7.334359879,13.1844309,10.51610553,7.512375841,6.989100169,6.263797884,8.061723614,5.874092825,5.984718243,8.349684789,6.716877891,10.2226114,Tumor
GSM414926.cel.gz,6.221732899,5.243975104,8.158769509,8.493548895,9.741273447,13.2579733,10.27316588,12.89730602,9.858473636,10.22280919,6.457384719,9.321071431,9.394513994,11.14022388,11.99086857,10.76158763,9.685201566,8.077182235,9.329638661,12.57353352,7.830048105,10.5013749,12.46775344,12.90639206,11.74243129,8.74950197,8.882481067,6.693552472,10.04888188,11.68255144,7.914468578,7.133780819,8.175199895,7.29988312,8.72818132,6.414767793,5.886943366,6.626570438,6.518824047,10.70149973,Tumor
GSM414927.cel.gz,4.625856191,4.176351933,5.579127655,7.121585638,8.778984049,11.77419944,5.010710285,11.66640402,5.357754732,9.264145224,5.59395484,8.537487803,8.295285538,7.951760424,7.212682392,3.48170202,7.082937729,5.350395483,6.548282102,8.223143979,7.146305716,7.493409678,9.150531548,10.21080436,10.31653351,5.878071888,6.297808168,8.072209343,4.090295896,9.987462018,6.746205431,5.550069374,3.929771479,4.800215158,6.124203045,5.387999824,4.508141443,4.411785385,3.267554122,5.884319514,Tumor
GSM414928.cel.gz,5.1278807,4.494334024,5.749538761,6.942153565,8.752526613,12.22106597,5.140552137,11.8802722,4.537453012,9.185286881,4.816224529,8.761433525,8.707452029,8.264852128,4.554270025,4.120076727,7.750123083,5.307644498,6.537336033,7.666079561,7.672886185,7.896666917,10.35701325,11.05473703,10.66163323,6.518853087,7.082096416,7.729731206,4.06342863,10.29049344,5.643203469,5.467006393,3.554839713,5.722274693,6.218922062,5.683982769,5.249603553,4.379708326,3.141809103,6.829322832,Normal
GSM414929.cel.gz,5.916476489,5.614652711,7.250707353,8.371517661,9.95584845,13.08976354,7.18028973,13.30780542,10.10099134,9.384055075,7.13120206,9.312472193,9.136740169,9.727628942,13.53793859,9.920603201,7.685136411,6.618919942,7.919575017,11.53452211,8.351729622,10.17466634,12.93347291,12.28158114,11.92172127,10.52388203,10.02761238,6.705298597,10.28953896,11.8423673,8.880145075,6.544424196,6.429026313,5.601295431,7.890244293,6.419553324,5.600992307,5.494882131,5.082832964,10.43302558,Tumor
GSM414930.cel.gz,3.93509522,3.38289896,5.898834117,6.516477442,7.852395067,11.81221306,5.198154306,10.81635848,5.198850658,9.151745217,5.07978982,8.087897927,8.318270569,7.930872223,5.352858755,4.290634664,5.782496275,7.281602785,5.360242314,5.180065204,6.528403427,5.750741769,7.833004968,7.537496689,9.163655046,6.401311478,5.836811484,7.697847485,3.354885324,9.156631225,3.148563158,4.710488006,3.862254447,4.317581722,6.827341338,5.832314715,4.58630861,4.07897554,3.106901241,5.88632217,Normal
GSM414931.cel.gz,6.711765857,6.239697431,8.638362798,8.76763489,10.36221286,13.14145088,10.33407841,13.81634571,10.55158863,9.164426218,6.345485129,11.85669669,9.880750244,10.46442385,11.80942994,8.193094291,8.170367822,8.018127957,9.422438592,11.37038592,9.940179301,10.03538745,12.63556421,11.47872723,13.35402971,10.65859271,10.80166682,4.784870964,10.05235975,13.45193145,11.14195141,7.373486228,7.077638051,6.710165333,8.047569051,6.406792682,6.814451321,6.969511211,5.238941748,10.56402758,Tumor
GSM414932.cel.gz,5.817295782,4.42984467,5.292447261,7.518146751,10.31585528,12.49987618,7.394799555,13.81358513,5.463834378,8.922271664,5.30441119,11.33088985,9.15561702,8.665366814,6.120000809,4.89083196,6.684409963,6.85004194,7.218469051,8.751198579,9.057119362,7.209267051,8.691701196,9.924765256,12.94169538,8.921553568,11.16317844,6.726151181,6.008475263,13.01471886,10.38902813,6.433720381,4.389787687,5.795804906,7.268953545,5.859797697,6.411687031,7.700936185,2.969653041,6.904860108,Normal
GSM414933.cel.gz,5.140356324,4.923858367,8.564607134,9.727972584,9.640647718,13.61528532,9.327339545,13.46211277,8.725054494,10.31918645,5.828460024,10.76409033,9.759848003,10.12842665,11.88631733,8.521726279,8.890552318,8.331710673,9.208432348,12.29579328,9.548819943,11.78378885,13.83488175,10.35091058,12.86619631,10.33749362,9.960456611,4.870080623,7.84352357,12.8726546,10.00527585,6.363664335,8.630247338,6.595630219,9.094057763,6.201632795,6.821626872,6.880712987,6.528803195,11.10746916,Tumor
GSM414934.cel.gz,3.762664308,4.101101927,5.799322394,6.526506674,8.991681194,11.91845109,4.630337156,13.714024,4.103101071,5.12519102,5.253606677,10.21705408,9.366989859,6.850379751,4.850361522,3.85168163,6.152976551,6.495452235,5.013873468,5.104030273,8.998161356,5.889146686,6.560397261,2.962727488,12.2864238,5.859001674,9.394791802,6.984985696,6.055779109,12.19601214,9.283052825,4.231639865,4.03980254,6.013721738,6.816674629,3.536891665,7.259063197,7.013345281,3.2969508,5.431385765,Normal
GSM414935.cel.gz,6.44250557,5.260909019,8.34431764,8.00578334,10.06428409,12.90407921,9.166948229,13.68983409,8.757090103,9.299896841,8.536391868,11.64792534,9.565827786,10.04651841,10.5071888,8.146080903,6.60866891,7.79907792,7.030559079,10.07780866,9.179689886,9.126970301,11.22024163,12.60029833,13.17464023,9.804927811,11.08999111,6.409032865,6.530307989,13.18912652,10.8885899,7.329752259,5.037660849,7.301147708,7.749642179,6.372753805,6.790276837,7.62221523,4.652664067,9.993335795,Tumor
GSM414936.cel.gz,7.009043147,5.737004474,7.787179827,8.347504118,10.36452421,13.56370102,7.990348856,13.64330185,8.415527048,8.61896509,9.900655277,11.1806093,9.120164828,10.50692181,12.29955612,8.663985281,7.113121614,6.825818288,8.296229098,11.07109722,9.309245588,8.620497649,11.28883242,11.47975657,13.17141857,9.879134063,10.70984176,6.004912509,7.515406897,13.1722168,10.78110448,7.671425771,7.123651615,7.049305653,7.005834688,5.537219542,5.259618387,6.834481257,6.36745843,10.17622411,Tumor
GSM414937.cel.gz,6.915288484,4.818594012,9.109417779,8.615923773,10.06212142,13.22221026,8.564367779,13.70116351,10.91082461,9.173025229,9.032728621,11.09069881,9.675472214,9.697063478,10.49060418,7.964988803,8.200320266,7.19743759,7.722718783,12.13229214,9.058967853,10.24278483,12.16231097,12.19234551,13.02643115,10.03395181,10.57386055,6.548907278,7.558420408,13.08162785,10.5611126,7.41594395,5.796641127,7.146642863,8.308543778,6.120822549,5.547466006,7.326426013,6.09072875,10.94437903,Tumor
GSM414938.cel.gz,4.309521491,3.610973931,4.937739663,7.886452622,8.506821296,12.37934024,4.016541221,10.69886741,4.740524082,7.868814631,5.251326473,7.04504314,7.702399676,8.124770299,7.099390076,3.373010459,5.593724708,5.993681505,6.690190666,11.16058955,6.852000578,8.139927952,11.65550337,9.326557513,10.81540245,6.230232012,7.698091817,8.211614545,4.344107912,10.75995609,3.132983967,5.12708392,4.126501201,5.406102399,5.721116914,7.369714587,4.636843339,5.22354334,4.258183853,10.62446391,Normal
GSM414939.cel.gz,5.67120404,5.030663382,9.521983866,9.45168895,10.48809672,13.26151093,8.620021671,13.57113898,10.73543715,8.823217992,8.864663963,10.90064856,9.204157833,9.615352928,11.92901826,6.787606238,5.75688122,7.551587307,8.589185863,10.49783881,9.466000729,9.323166036,12.55750346,11.59068107,13.15457667,11.50035643,10.78939925,6.84791561,7.195851709,13.26895813,10.07163083,6.567448325,6.962163237,6.765227748,8.0049724,6.621966223,6.347509617,8.163933739,4.642623323,10.41578369,Tumor
GSM414940.cel.gz,4.689486363,4.809084314,5.602298694,6.553614867,9.473084975,12.50121159,6.312877313,13.27145621,5.031407968,8.209588461,5.973776026,10.20256049,8.582404589,8.019769869,7.435484919,4.475810686,7.283246847,6.582140364,6.691383893,8.82986891,8.436207896,6.711308191,8.432705584,9.90835952,12.09652881,7.641615163,9.205663774,7.73432338,5.850521562,12.01754582,8.518027362,5.582720597,4.36972034,6.463259571,6.825987297,4.415107791,7.017134212,7.237296748,3.01274993,7.315937811,Normal
GSM414941.cel.gz,6.582741255,6.402436388,7.460987261,8.469686976,10.23711439,13.03894304,8.731599217,13.2723168,10.29986946,9.253194572,8.726679075,10.82450361,9.061061999,10.0917999,11.37615605,7.159960323,9.541274714,8.417923705,8.15399047,12.05940342,8.431631135,10.59587999,12.70579654,12.67334406,12.77890398,8.785572419,10.3049088,6.106922703,7.95434698,12.76586479,10.64689351,7.203111612,7.719498697,7.088043694,7.948656018,6.301404016,6.220811524,8.361728699,7.247626215,11.03515295,Tumor
GSM414942.cel.gz,5.098464693,3.769277068,5.585384415,6.057659919,8.207114677,11.39483697,4.271670035,10.55254253,6.412683802,7.892795927,6.295213986,7.359616283,7.899520473,7.538627033,4.969946255,3.63940044,6.384867604,6.110961749,5.485631035,5.389989096,6.464544008,5.507644759,8.59379702,7.338260032,9.247066631,6.136291766,5.24430561,8.184690201,3.787179863,9.2310478,3.987482376,5.694930913,4.108172403,3.85168163,7.03223542,4.354453576,4.575944046,4.161582707,3.238033752,5.006073782,Normal
GSM414943.cel.gz,6.391901049,5.027956558,7.852320058,8.516392747,10.68728289,12.67294453,9.084897514,13.78900163,10.86733917,9.13867766,8.848972778,11.00680735,9.343936853,10.5536088,10.69832475,9.418853701,7.776856797,8.180330324,7.582601772,11.72587647,9.028143301,9.585922927,11.56913949,12.64343112,13.22761406,9.314188181,11.6851096,6.921316225,8.967511328,13.2354553,10.87937827,6.910703609,7.452019494,6.441319654,8.130901059,5.461368061,6.8334729,7.387035331,7.083671656,10.40351751,Tumor
GSM414944.cel.gz,6.61328552,7.719684255,8.347399228,8.778344162,8.810270705,13.50133643,10.84416725,12.49350786,9.568467593,9.072054127,11.03727678,9.84907316,9.232399533,11.72690425,10.43453581,10.3442371,5.98749685,5.591948451,7.829134065,12.391284,9.415016357,6.921463554,12.48650643,7.702135012,12.24594598,11.44172779,8.463184504,6.140525632,7.031483369,12.28208086,9.282732743,7.30088443,6.822837456,7.145702364,5.246939783,4.549242898,5.154396883,6.332695539,6.17862491,10.2760477,Tumor
GSM414945.cel.gz,7.065936267,5.860526833,7.632401509,7.632511098,10.36860951,11.6229375,4.878809812,11.54217381,4.432059292,9.368142884,4.972668121,7.943266428,9.078792124,9.423404484,4.225990221,11.17287265,8.005553242,4.72673532,6.695719788,6.919381771,7.893446739,5.447555207,10.31953489,5.781372443,13.24171178,6.521013976,7.632019128,6.136477264,4.868968302,13.30321131,6.655006331,7.504321594,3.393365469,4.646154966,6.231866136,6.042824208,7.512093814,9.400297416,2.619139982,4.89704849,Tumor
GSM414946.cel.gz,6.62217965,4.673908975,7.460274029,7.945021074,10.81571782,13.27371325,9.895381366,13.57507961,10.6923949,10.07601277,9.076365682,11.01517495,9.84728645,11.6616456,10.29583029,8.236470011,7.557502303,8.233811095,8.883303844,11.26901339,8.247179281,8.518861542,11.05192061,12.66048291,12.62995547,10.36547171,10.36450178,6.422467373,6.784505317,12.52744719,9.936778191,7.470503287,6.78950741,7.120648582,9.272416447,6.853338618,6.365462567,7.898670767,7.99053793,10.57591575,Tumor
GSM414947.cel.gz,4.07367958,3.947997502,5.864536189,6.632261213,8.216190472,11.6590601,5.824484883,11.64413992,6.347606835,8.47866478,6.865914785,8.009967421,8.049869679,7.964486028,9.013759072,4.568782568,6.453428517,5.820978327,6.131556172,9.728388112,6.869175915,6.663897693,9.875034521,9.102155574,9.606465492,6.829808817,6.395559159,7.318072328,5.017056235,9.421609481,6.30677946,5.155097135,4.109827988,4.432589649,6.757735728,4.734178919,5.094783485,4.484769063,3.780562679,6.755401263,Normal
GSM414948.cel.gz,6.641417104,5.667301323,9.160295411,8.87535925,10.4164667,12.77873586,9.212107786,13.38773494,9.596919074,8.397494059,8.142344225,11.06114066,8.825590004,10.12343774,12.01011951,9.556821538,8.747807993,7.000571196,8.769964204,12.36217226,8.568417705,10.67171917,12.22908341,12.56343245,13.02902932,9.589120198,10.60026746,5.833082777,8.432462456,13.15062898,10.90187837,7.324450282,7.496684276,7.812883204,8.067675063,7.211756241,5.894532628,7.448491516,6.832527872,10.45715721,Tumor
GSM414949.cel.gz,5.993604133,4.460223641,7.232937107,8.473458293,10.23212397,12.70295074,8.493477469,13.6600628,9.239798687,8.541784983,8.972581199,10.81471193,9.179430284,8.615222482,9.215893167,5.940248451,6.901729066,7.387761017,6.917313413,8.753600987,8.915804757,9.008564876,8.598524041,10.76794957,12.89071871,9.062208019,10.52081215,6.793827024,6.395436662,12.97949188,10.88851249,6.670351964,4.869941055,6.192997703,6.716951944,5.503417951,6.766684998,8.06359098,4.521093023,8.23165301,Tumor
GSM414950.cel.gz,6.384566691,5.13905944,7.514821622,8.450913379,9.987014238,12.80310521,8.331849693,13.4511478,8.953647143,8.711038851,6.296777968,10.80355783,9.21091377,9.849231991,11.15442555,6.693645659,7.404063127,6.908345524,7.698473424,10.1224634,8.973300071,8.566456025,9.818495709,11.3097549,12.9043026,7.468274992,10.76971933,7.163767724,8.686596185,12.97753889,10.22294397,7.097527029,6.463621933,6.44924732,7.449028679,5.848964561,6.556068804,7.272749871,4.431168604,9.662561658,Tumor
GSM414951.cel.gz,6.353364546,5.055341613,7.518217144,8.222356772,10.29914984,13.29141492,8.100201884,13.23131483,8.968135835,8.960206743,6.707732667,10.8591819,9.318773196,8.852580273,12.99257501,6.788407854,6.382704735,7.813530591,7.93017951,12.65035389,8.239811887,10.51027145,12.95211804,12.34711444,12.59413726,7.771843569,10.52449375,6.724197634,7.660166587,12.68664261,10.89184623,7.076209203,7.33903533,6.180893093,7.902910954,5.217365929,6.126209466,7.743340733,5.202364731,10.38288454,Tumor
GSM414952.cel.gz,5.802049391,4.762103437,6.320391201,7.206614745,9.536602444,12.4851706,7.596258828,13.44133957,9.173502414,8.615717931,6.986997108,10.36415046,9.329172428,9.076391379,10.70045269,4.900013272,7.496900863,6.993971367,7.437136137,10.02764389,9.046991326,8.94429203,10.91296503,11.6953027,12.06911799,8.681894722,10.2863368,7.359115048,6.509550402,12.08275531,9.475451674,6.236186087,6.717794778,6.253088097,7.04615851,5.677257738,5.690102659,6.44199353,4.509685012,8.78437009,Tumor
GSM414953.cel.gz,5.2463265,4.290884622,5.231483141,6.472309192,9.392704173,12.17496315,6.237551801,13.81447277,7.121702513,6.136093482,6.121009301,10.55038987,9.061505953,7.358573089,7.199087793,4.28948467,6.05113616,6.980201481,5.853220812,8.086456291,9.729459644,6.715705468,7.914729993,8.814134853,11.90109619,7.589086959,9.645061322,7.800912811,6.168254541,11.92533349,8.535082244,5.634684457,4.195136512,5.698369517,6.63217196,4.030080469,6.677256532,7.090586564,3.465478298,6.911615883,Normal
GSM414954.cel.gz,7.331552312,4.060061393,7.561137646,8.435430636,10.43240351,13.06004787,9.864643892,13.44575166,9.411117297,9.186984966,8.378864777,10.58382238,9.627149958,10.0805604,7.242302831,6.256829671,7.811899191,7.997214265,7.583813491,12.54632783,9.2917571,9.158937066,11.89360659,10.10641191,12.90087266,10.07181739,10.87893875,6.791096579,6.954368371,12.94059911,10.09709915,7.573665907,8.294281981,6.750870957,8.83805958,6.164682155,5.436155337,7.627238101,5.593646275,9.545590119,Tumor
GSM414955.cel.gz,5.909113154,3.972865992,5.867510219,7.568677755,9.777421119,12.42245079,8.309075322,13.4554831,7.927114713,8.753319815,7.542714117,10.23315307,9.204573431,9.018527581,6.832628886,5.622047425,6.635018864,6.742298726,6.325476703,11.03076316,8.994801865,7.763674472,9.884471252,9.342341586,12.14543598,9.508428228,9.840725942,7.456566294,5.083940058,12.03670057,9.763721528,6.467433347,6.514526591,5.905121892,7.534545813,5.112962501,5.78284645,6.922011602,3.800102169,8.478344567,Normal
GSM414956.cel.gz,7.198875962,6.186359707,7.905108418,8.845106318,10.27007623,12.94716361,9.535566458,13.86266353,8.452470181,9.022649219,7.086099513,11.42168298,9.762423575,10.09159967,10.65271187,5.848558702,8.568161188,8.723046536,7.481716916,10.05038056,9.686411533,7.470640509,10.40012711,9.557598774,13.30699891,8.295462651,11.63914391,6.665447907,8.455495611,13.37159633,10.7836585,7.427245722,6.584165912,7.359344762,7.217742945,7.193038981,6.543267647,8.265492607,5.09415713,9.687815319,Tumor
GSM414957.cel.gz,5.095135398,4.605265374,5.633517212,5.131873974,9.148398315,10.83013799,5.084289671,12.76598576,5.529606875,8.219224889,5.969810331,8.405153711,8.026070814,7.041710618,4.974062467,4.026845222,6.467692065,6.418106012,5.530674612,5.475170849,7.341605956,6.713268857,7.085801279,7.717851763,10.2627244,6.515972197,7.352102707,6.822113754,4.437046327,10.21515883,5.959960852,5.879048726,3.402708622,3.377557496,5.674689683,4.233447244,5.64197342,4.638316356,2.819725302,6.014143878,Normal
GSM414958.cel.gz,6.423096955,5.799890456,6.658803413,8.481820944,10.57832156,12.95140117,8.975962438,14.01935338,11.28328999,8.970486223,8.756024736,10.6077638,9.775387559,11.10613905,11.97453095,9.820381513,6.831441509,6.904675563,8.18946768,12.42780901,9.46895613,10.00424721,12.72481518,13.00425783,12.87167801,11.39218781,11.0544393,5.893580234,7.463576265,12.87639216,10.13341998,7.128099538,7.339781845,6.456475904,7.907485049,5.946471485,6.798044329,7.144170895,6.940691197,10.59575612,Tumor
GSM414959.cel.gz,7.007881091,6.663709928,8.125809834,8.150186419,10.2866741,13.14074649,7.857845244,13.33215257,10.90302708,10.11066315,5.407605636,10.31735104,8.990311641,9.785947728,12.22630128,4.391369221,9.652279684,8.470754871,8.605851706,10.42148012,8.382798473,7.352147489,11.75764182,11.75036298,12.08242023,9.777785769,9.424915597,6.780627489,6.583587474,12.06318663,8.538632081,7.621098465,8.131137372,7.344852113,7.497369772,5.693244439,6.022766311,6.957323724,5.035318407,10.58228317,Tumor
GSM414960.cel.gz,5.925936223,5.251143637,9.272412427,8.528923217,10.04398953,12.32387355,7.576592544,12.86141814,9.92408892,10.05104665,6.120239595,9.11432126,9.063629563,9.933607706,12.17899852,6.983704967,7.752405486,7.044203368,9.037134237,11.63762847,8.469631386,9.880501994,12.79802093,12.46438495,12.35901127,8.318228098,9.496044201,5.984430517,9.345480608,12.38171391,9.122454281,6.725046697,7.776210861,6.114378073,8.118475318,6.650843087,5.872856061,5.614515507,6.437909696,11.03387358,Tumor
GSM414961.cel.gz,6.534258828,4.736568599,8.269867928,8.106397996,10.31870509,12.76628584,8.152894605,13.57442288,10.43053357,8.335594274,8.619614037,10.81308454,8.894112813,8.999440395,11.73407163,6.178064093,7.24823671,7.238120214,7.361069251,10.12807084,9.13577213,10.34333251,11.36599869,12.04111764,12.84978909,10.37461608,10.78419824,6.646286238,6.155522314,13.00771443,10.51865338,6.884825478,5.506512246,5.997480921,7.267332859,5.65382001,5.714989528,6.947552993,5.356735069,9.658528225,Tumor
GSM414962.cel.gz,4.195843781,4.924511027,7.967091971,7.434908699,9.23796223,12.29247144,7.602292037,11.92436986,10.30857191,8.790175812,7.064068688,8.763124585,8.533293182,8.587578798,10.18561987,5.70922714,7.471685436,6.519152556,6.934074544,10.06053751,7.158075785,8.805609791,10.04379003,11.8641355,12.06554717,8.724531151,7.84443238,5.625506195,5.831738771,11.98366002,8.263545153,5.148931391,5.806436365,4.954222021,6.313337934,4.984602947,6.436629705,6.490647967,4.155994906,9.802137059,Tumor
GSM414963.cel.gz,4.72006354,4.363233227,5.536822257,6.923599231,9.3415777,12.25688322,5.868608703,13.13211115,5.396305313,7.631344971,5.801791476,10.47027961,8.659840412,7.635144712,5.009471505,3.548076139,5.573177264,6.228639229,6.023021319,7.589708831,8.443764424,5.929076936,6.905944717,7.508698,12.09071849,7.597404789,9.428249208,6.973585758,6.715045596,12.09258925,9.72397085,5.512885146,3.703462438,5.480651064,5.737610633,4.311330991,6.218576873,6.693949859,2.756159823,5.668618031,Normal
GSM414964.cel.gz,6.410255189,4.819992567,7.407357407,8.343609156,10.13837262,12.72224744,10.26323874,13.19615768,9.92692495,9.174452416,7.264064764,10.84406349,9.347697186,9.896955342,12.0082029,7.502792588,6.830283265,7.835651087,8.809825417,11.87575448,8.851823769,9.690312089,12.02421408,11.7257875,12.92310307,10.53952637,11.07565814,6.520010884,7.642016826,12.96323805,10.02648852,6.937860345,7.185012194,6.127852009,7.669591905,6.319252083,6.838347699,7.61486013,5.818287206,11.00012747,Tumor
GSM414965.cel.gz,6.626988582,5.833112465,10.97373959,9.192371601,9.980427873,12.90957308,10.01683154,13.41364317,11.4480913,9.574974862,10.57945443,10.81443681,10.21122403,10.07704937,11.86038062,8.073041035,6.678038154,8.240186832,8.716571797,11.54242483,9.379503298,9.174333581,12.11138323,12.41450925,13.16243746,12.21100257,10.96595741,6.969478508,7.184159044,13.19247212,9.848505247,7.327648962,8.760207367,7.20503512,7.216967519,6.323099004,5.884760714,7.414261201,5.114372302,10.77838809,Tumor
GSM414966.cel.gz,4.348379947,4.030561192,5.594622718,6.148759043,8.389722457,10.17597944,4.915628074,8.711756647,6.377063632,8.180017999,5.634508961,5.314250023,7.087992521,6.853185893,5.170055977,3.096725621,4.790961636,4.599849752,5.565468107,5.070187062,6.025041679,5.605210661,6.567556697,5.528871309,6.578722391,6.308856698,4.65797115,8.160864779,4.304723582,6.773001021,3.368552494,5.258758052,4.03980254,3.549079605,5.965026888,3.777401653,4.689660287,3.250019938,2.95610042,5.085428595,Normal
GSM414967.cel.gz,7.825636138,5.83059236,7.440078224,8.401073885,10.7230906,13.28432729,9.581834562,12.146269,8.305567711,9.961967955,8.597610013,9.223937301,9.058817176,10.32007929,6.167704879,8.34477984,7.137276986,8.758121497,9.651104997,8.837146344,9.998148879,8.963262314,9.229976592,8.44133555,12.17263648,11.04501359,8.949675725,5.272907254,6.570790879,12.19481913,8.724390842,8.265716724,6.063568377,4.234442531,7.411176397,7.452197091,9.690692533,4.772978062,5.866634208,11.30484301,Tumor
GSM414968.cel.gz,6.515673802,4.964523877,7.73103055,7.781026986,9.53791816,12.79342768,7.66140051,13.37834408,7.708277762,8.285769851,5.551971752,10.9086854,8.978404565,9.659221255,10.92725136,6.046809172,9.028132617,6.762071707,7.74030842,11.5393703,8.844158808,9.744751681,12.55887445,12.30638138,12.20914509,6.750411097,10.18875983,6.629541483,6.677371463,12.22669499,10.27284087,7.014790892,4.519773458,7.123401019,7.39144473,5.36130379,6.416308579,6.935851984,5.748610846,8.907008631,Tumor
GSM414969.cel.gz,6.176853865,5.638016647,8.305782323,8.325122852,9.491662952,12.52159375,8.432577012,12.67287617,7.9635134,9.408474569,7.984725372,9.322133077,8.878861344,9.339930961,12.00923087,8.624653734,8.275166687,6.293659237,8.319803543,11.44353004,8.120780505,10.43536414,12.11122098,12.51595684,11.83222027,8.341444761,9.555892955,5.952988735,8.252271387,11.84323911,10.02650124,6.847082083,6.773650143,6.728610474,8.069837699,6.316792205,5.561626256,5.76495805,5.858471572,10.04533755,Tumor
GSM414970.cel.gz,4.717435194,4.625402897,5.849748141,6.40881784,10.18572032,11.658307,6.884551217,13.00715799,5.362438032,8.642134265,6.44152285,9.644721545,8.71462653,7.541056328,5.959853271,4.375349197,6.606575001,6.171947576,6.833090595,8.019924572,7.778005978,6.599536897,7.970819356,9.957639084,11.7484688,7.367836206,9.693110603,6.285647212,5.499145202,11.8335516,9.776551483,5.433160015,3.314103117,5.296854318,7.040562845,5.257023828,5.774692964,6.32496302,2.890298301,6.491175577,Normal
GSM414971.cel.gz,6.16599187,5.378221069,8.973931946,8.837400165,10.43139973,13.20281589,8.670945195,13.97569666,10.58511323,8.462410628,7.227190046,11.12496456,9.326750721,10.15813637,10.63874694,8.148818336,5.690784729,7.985868686,8.026188919,12.36886823,9.425639493,10.56495707,12.21698576,12.95970984,13.31471395,10.83529519,11.25882389,5.158465101,9.320331723,13.33033044,11.58921879,6.969480644,8.216260027,6.756441657,7.39483678,6.033230518,6.486369214,8.328813822,6.343675157,10.69066073,Tumor
GSM414972.cel.gz,3.901244913,4.111933375,6.160558921,5.67105893,7.494503497,10.2596494,5.301391971,9.018387717,5.835852172,7.148220862,6.521296186,5.899717506,6.603107699,6.08444502,5.357470549,3.678149733,5.712537935,5.909174469,4.79691982,6.044055082,6.10899614,6.986127217,7.104325953,3.726505431,7.995683342,6.479449995,4.713757268,7.817028884,4.385095337,7.829034882,3.240282293,5.08319367,3.319291753,3.846507513,4.418960065,3.810852051,4.962182213,2.982807492,3.013022345,5.297542213,Normal
GSM414973.cel.gz,7.310035557,5.493820614,9.367341006,8.196483382,10.78479596,13.40269626,10.15290016,13.30542551,10.43894242,9.427837407,10.03066705,10.36854544,9.293874082,10.37533864,12.23926885,8.971968643,7.524445491,7.912541264,8.1731236,12.96413077,8.777839762,10.85331002,12.93989678,13.12313975,12.40296409,12.03346528,10.14966191,5.658530805,7.935564433,12.50228385,10.25584849,7.968159186,8.247655357,8.044737995,8.033026998,6.545857174,5.601485884,6.27757862,6.162390341,10.47387541,Tumor
GSM414974.cel.gz,6.138223387,5.154429834,7.151161847,8.191700566,9.779259517,12.19684173,8.177276511,12.87701832,9.170105951,8.826286848,7.677521269,10.2729865,9.087067295,8.260941639,10.32669677,7.012602744,7.370847317,6.494065655,7.98070623,11.49105537,8.334744857,8.685871945,11.1218389,12.26645463,12.64952728,9.486337361,9.997343799,6.722893123,7.818128943,12.62847921,10.6842548,6.732905798,4.847833335,6.892180828,7.594520158,5.845550425,5.540046932,7.096979186,4.920044962,8.82365676,Tumor
GSM414975.cel.gz,4.137782653,3.786889316,6.02908425,5.504488344,8.278923092,9.839389982,4.510234903,9.795891187,5.794221241,8.211990226,5.596527325,5.84607569,6.932259799,5.98971274,5.700374197,3.303389416,4.822641234,4.089337442,6.195907344,6.391674536,5.865545002,6.203695068,7.043293094,4.140480422,7.625020632,4.974980416,4.658780445,7.511825533,3.787362894,7.650334692,3.921481981,4.893771958,3.414781686,4.068069579,4.714679378,4.595743187,4.191631713,3.189342611,3.142656544,4.859099542,Normal
