ID,X1553102_a_at,X1555136_at,X1555137_a_at,X201417_at,X202267_at,X202286_s_at,X202504_at,X202935_s_at,X203476_at,X203510_at,X203757_s_at,X204320_at,X204351_at,X204602_at,X204713_s_at,X205941_s_at,X209016_s_at,X211719_x_at,X212354_at,X212444_at,X212464_s_at,X216442_x_at,X218856_at,X219901_at,X226237_at,X227051_at,X228923_at,X229479_at,X230831_at,X241137_at,X242397_at,group
GSM388076.CEL.gz,7.277901938,4.010923868,5.722028164,8.540337821,5.284655503,5.827371546,5.051355621,2.830994619,7.524458081,6.698673136,4.281033605,4.144594688,6.429468516,4.809922721,4.827787582,4.959912295,3.582163909,9.152592122,5.626667645,4.726602159,8.942082182,9.235447961,9.806422455,6.278246558,4.011116436,6.732714708,4.270389818,3.487453988,3.789970996,3.401879464,4.430225683,Normal
GSM388077.CEL.gz,7.269408833,4.149645806,5.75023735,8.529720905,5.922176035,5.876182712,4.568964324,3.364792641,7.459799922,6.969471477,4.246780987,3.601028944,6.518603687,5.610841083,4.988802362,4.872228305,4.016824084,9.078608358,5.427164536,4.487027005,8.924379549,9.211997867,9.722356892,6.285120549,4.337798051,7.148761639,4.092893325,3.37828639,3.475457611,3.48980665,4.412037698,Normal
GSM388078.CEL.gz,7.37985562,3.196123105,4.860501522,7.537964362,6.62476058,9.277213154,5.967584274,8.914325557,6.919460096,6.858445453,5.910679623,4.208709977,4.564367432,3.892757668,5.700835378,5.577986536,5.344354095,7.606316602,4.887479297,4.834792472,7.454164298,7.83078358,7.835435422,5.277426959,3.582580054,4.831287234,5.027253769,3.586057914,3.704031897,3.639281916,4.027250589,Normal
GSM388079.CEL.gz,7.328393191,3.63597786,4.657288199,7.618427965,6.461323345,9.371416881,5.795253123,8.585003124,7.11740011,7.034283643,5.480579029,4.132351775,5.334297314,3.890173497,5.907914431,5.665633644,5.552344801,7.358474483,5.124298349,5.311483894,7.027822386,7.750348888,7.599084664,5.460677507,3.893846218,5.047479287,4.286890297,3.758360388,3.497060097,3.519878077,4.831480913,Normal
GSM388080.CEL.gz,6.804703272,3.588759461,4.886488235,7.801319184,6.256839871,9.226379741,6.246326737,8.471823352,7.211481972,6.84050446,7.484452356,4.466737348,6.318685363,4.129855616,5.94648452,5.996399828,5.615741705,6.857440661,4.679209038,4.849694484,6.999602463,7.01229563,7.36124867,5.232903088,4.169185042,4.812441188,4.841856584,3.622066248,3.415450631,3.675098683,3.691250178,Normal
GSM388081.CEL.gz,7.252171504,3.377289433,4.852803183,7.55164132,6.448345511,8.858376753,6.207069919,7.898668988,6.804602664,6.846531755,7.563178482,4.42056301,5.81622835,3.988055931,6.250949683,5.620244845,5.598024338,6.815437633,4.597389918,5.237471115,6.968115568,7.558789034,7.118436131,5.320002,3.789721001,4.798723164,4.936091316,3.632437916,3.519556142,4.42936838,4.189303618,Normal
GSM388082.CEL.gz,7.173694333,3.417273979,4.566093894,8.035845928,6.554469446,9.807059632,6.163887247,8.449087435,6.895988237,7.103704437,5.53116794,3.580394519,4.874746248,3.708509184,5.775668778,5.895315665,5.586364894,7.105755618,4.482796242,6.172725562,6.926687563,7.134106216,7.289978975,5.621883923,3.956642839,4.898184157,4.402035625,3.93178651,3.5252714,3.801390704,4.899510274,Normal
GSM388083.CEL.gz,7.369936088,3.78546024,4.589198063,7.857332101,6.237737772,6.214352261,5.150393451,4.255846102,8.117723688,7.269898797,5.350466889,3.60274826,6.399231818,4.188984341,5.917604198,4.925579095,3.613641295,9.954042318,6.685824682,5.639102937,9.592706142,9.808503722,9.347748018,5.216944713,4.083521375,7.304965888,4.113797133,2.978194669,3.59698551,3.870797001,4.582488362,Normal
GSM388084.CEL.gz,6.97261992,3.410468884,4.659039102,6.876943529,6.399997101,9.321212907,5.339361517,8.684112169,6.675806694,6.835799824,5.20370436,4.032867142,4.388699703,3.934697633,5.766029383,5.473938187,6.22222434,8.470103149,5.501477922,5.068679435,8.216238665,8.67861564,7.600359655,5.301317988,3.894906769,5.309203186,4.454344653,4.036564157,3.459660795,3.572631219,4.666093995,Normal
GSM388085.CEL.gz,6.963380452,4.568603814,6.065050833,9.456097905,9.258060211,11.2708849,8.614112532,7.225480641,9.087423626,8.775848242,10.34338646,7.773711235,9.309831027,7.512063914,6.288321782,9.603635212,8.350027884,13.01633841,10.36163185,8.331012285,12.89391791,13.07271859,9.233466112,6.68228487,9.763960386,6.126316734,5.420340267,7.256055886,4.572480714,5.085404112,10.98472647,Normal
GSM388086.CEL.gz,8.028130171,3.129645832,4.667303706,7.850132487,6.126422549,4.204847899,5.134047286,7.445995303,7.841041068,7.346492361,7.619278201,3.445667841,7.245460561,3.994795315,6.03903134,4.589231661,4.270028776,12.03124901,8.401282342,6.967283447,11.73262817,12.09873898,8.798868985,5.441255535,6.440780002,4.213556142,4.77868261,3.13517837,3.725782729,3.683860024,5.290686222,Normal
GSM388087.CEL.gz,6.125982687,3.48943008,4.753678293,8.383289346,6.880531602,6.204593462,5.689405897,8.991567896,7.242283542,8.733037988,9.419488763,3.765185754,7.509065922,3.797370295,5.883646267,5.144991714,4.281963979,9.039576896,6.860786725,8.646317069,8.984695535,9.15835983,9.298354925,5.233510972,3.699720742,5.640238026,5.965014808,3.088724565,3.769924216,3.710033328,5.336226405,Normal
GSM388088.CEL.gz,6.300912014,2.865120102,4.202951999,8.050210333,6.297514572,5.386130686,5.584143821,9.190072949,7.351747747,8.287821483,9.037833733,4.135747491,7.175544156,4.272027309,6.038447479,4.482315897,4.485032484,9.816385985,7.333689688,8.660505364,9.549995322,9.800414442,8.954964538,4.758368637,4.286043699,5.241997015,6.771744364,3.363408738,3.227969805,3.892587376,5.220387736,Normal
GSM388089.CEL.gz,6.142360783,3.109925085,4.537412221,9.190696785,7.882113323,8.745039946,6.174055219,9.701074997,7.902817983,7.907803948,6.122006432,3.98701615,13.72633446,4.464478125,6.776602172,4.840771896,4.177556849,8.61280437,5.572976197,7.177828835,8.235659889,8.714653524,11.04447509,4.456940156,4.367074324,6.638657191,4.656035289,3.062516864,4.842596646,10.4522939,4.63522078,Normal
GSM388090.CEL.gz,7.2595193,3.693226031,5.057657384,8.778051619,6.315595305,10.46326212,5.486950108,8.023119849,7.579916552,7.470273183,4.739364272,3.598750383,6.8410696,3.726199482,5.644213461,5.216488057,6.415375955,9.910040278,6.883069593,6.366730656,9.426112163,9.731446178,8.71401629,5.822384271,6.504269404,5.317606227,4.140809308,3.445822459,3.239206843,2.966264785,4.243120813,Normal
GSM388091.CEL.gz,6.852503479,3.439096809,5.322207389,9.545551735,6.200598155,7.870795411,6.086570554,7.284499831,9.506405327,7.903048168,8.558241305,5.777785084,8.172389921,3.604880621,4.891528011,7.551035258,4.010053162,11.41666693,9.330484174,7.973549743,11.08393163,11.43277505,8.914685769,5.685938496,9.337711782,6.746803478,4.88223627,2.974259659,3.610549572,3.086016173,5.903638122,Normal
GSM388092.CEL.gz,6.905443631,3.465531482,4.177556849,8.389422937,5.893578818,9.883582434,5.937328047,8.898765199,7.313647563,7.08624337,7.926555546,3.639203502,5.078047676,4.164412732,6.059942264,5.557308997,5.130326729,8.947186761,5.128885783,5.19430975,8.682651817,9.053179717,8.750551602,5.771120669,5.281904372,5.802173889,4.493723412,3.296556185,3.556652925,3.28951868,4.477115153,Normal
GSM388093.CEL.gz,6.72910979,3.42886208,5.091263593,8.639961134,6.566037293,9.377130458,5.54548699,8.732833313,7.732542427,7.217068027,6.321514477,4.138668579,5.204345537,4.06722317,5.537778487,6.661693318,6.22668732,9.505533139,6.042567303,5.88626218,9.296245339,9.442437784,8.311949296,5.809467096,6.62643576,5.47013752,4.413512809,3.479340186,3.342254914,3.896593324,6.11494335,Normal
GSM388094.CEL.gz,7.324418592,4.320578855,5.346463815,7.88107205,6.220750791,10.20650844,6.145461832,8.109719781,6.991482844,7.275652997,6.053654865,4.486936086,5.525872583,4.755517191,5.736843694,5.752150347,5.988933596,7.220760593,4.562464656,5.592618356,6.730312494,7.31908466,8.340505196,6.132412956,4.348975714,5.163932127,4.301164374,3.645965447,4.153757225,4.190302615,4.996640984,Normal
GSM388095.CEL.gz,7.219250759,3.861784622,5.332684868,7.461845872,6.506492173,9.563062833,5.752183312,8.931105776,7.37079322,7.242092872,5.131462022,4.34440527,8.186984116,4.138823699,6.270524625,6.086614021,6.165463899,8.456146021,5.360180127,6.380325835,8.270616569,8.737002155,8.371978609,5.612700082,4.140194911,5.243435883,5.30736091,3.568979245,3.401153865,5.301328895,5.014393288,Normal
GSM388096.CEL.gz,6.001941423,3.399490365,5.212438606,9.28597471,7.19489216,11.00753099,6.729648834,8.393386158,8.817114921,8.277178473,11.1644673,6.895542997,8.315563207,4.740755694,5.65369764,9.615305519,8.080979708,11.64799793,9.3938345,7.989589957,11.35322518,11.70367243,9.975232232,6.084615632,10.23565844,7.540620804,5.042344648,4.840889181,3.602251946,4.040922429,6.826579449,Normal
GSM388097.CEL.gz,6.814543238,3.475854997,5.059158225,8.890468677,5.891713803,7.71284998,5.128126134,6.099591636,10.00498774,7.688762502,5.664876782,6.364945197,7.33561657,5.358349853,5.463722955,5.278096256,3.986718205,12.01628956,9.22000405,9.969209129,11.61433333,12.09439743,8.627215159,5.401738512,8.795240935,6.818177734,6.167819008,3.711376958,3.397219762,3.347963384,5.727970662,Normal
GSM388098.CEL.gz,7.166993573,3.792509856,4.492814509,8.513506584,6.298006931,9.312243036,5.878624278,8.929374128,7.055912571,6.910878604,5.697237533,3.435214295,4.382187787,3.958946751,5.525213033,5.24746683,5.425308497,7.113810951,4.929783642,4.999307169,7.024287901,7.358122665,7.904487929,5.632065159,4.471944231,5.428086692,3.752141674,3.896564497,3.729924054,3.659935072,4.775662806,Normal
GSM388099.CEL.gz,6.280742977,3.915191648,5.400349354,9.392060603,6.752685624,9.88379197,5.499661289,9.811795004,8.398954307,7.606981618,7.001171653,6.060657404,4.064305814,4.20845612,5.419652381,8.717592325,6.52937796,11.11638015,8.156897847,5.844192715,10.5372277,11.05009784,9.001663922,6.018331543,8.893751617,6.538800321,4.715162571,4.792187196,3.571712498,3.754528752,6.357526814,Normal
GSM388100.CEL.gz,6.65972975,3.674083961,4.880873185,8.576273621,6.852580741,10.07999187,6.00808077,8.191311904,7.265747992,7.063757327,6.955755329,4.080756219,5.279985538,3.802971669,5.279042143,5.802137293,6.034715646,8.101895248,5.052195755,4.824020721,7.774482261,8.102469989,8.136060314,5.731980376,4.207427401,5.140895833,3.952101873,3.112020389,3.591675739,3.743108804,4.691909969,Normal
GSM388101.CEL.gz,6.95322519,3.526843983,5.069619432,7.901336153,6.281331278,10.72945949,6.106930248,8.314997587,7.277756445,7.387283473,6.74124837,4.201353478,5.786584272,4.335809849,6.226686428,5.667639852,5.98207745,7.775065176,5.12272296,5.821594812,7.524784794,7.995153044,7.684353603,5.621156835,4.215728613,5.344940068,4.35195311,3.370424823,3.184232213,3.659294616,4.850843569,Normal
GSM388102.CEL.gz,7.070771744,4.465313842,5.287325371,9.182227716,6.301491308,10.5270684,5.511199756,9.669943461,7.784105279,7.698186908,6.737257771,4.102572173,4.589011823,4.171657494,5.440264455,5.007269688,6.137833081,8.559007084,5.591063918,5.288870418,8.315688881,8.704240195,8.872566376,6.016839061,5.10968298,5.438774548,4.057416771,3.326126995,3.623018015,3.514734096,4.558819712,Normal
GSM388103.CEL.gz,7.173503883,3.919629323,5.305076072,8.570515373,6.51674193,10.32863626,5.694818456,8.866984612,7.571529813,7.384120461,5.556083407,4.589776289,4.290169596,3.753784867,5.441382923,5.817852636,5.795181184,8.173603285,5.60638825,5.386905681,8.004495069,8.207140412,8.999804783,5.986312019,4.506864143,5.306371237,4.294325098,3.378744199,3.260021918,3.889683048,5.463509627,Normal
GSM388104.CEL.gz,7.175603082,3.14158005,5.355927284,8.158774799,6.873051378,6.849828861,5.640822542,4.835773592,8.051029589,7.625600319,6.387274156,4.059112552,7.471900484,3.970023932,5.573896655,6.542659422,3.964415943,10.98648791,8.503956616,6.169000427,10.73579054,10.98812612,9.004755285,5.625551902,7.902799778,7.063794582,4.549457177,3.764597133,3.507664969,4.208829474,4.50567906,Normal
GSM388105.CEL.gz,5.86867139,5.09332838,7.182232,10.69861289,8.817960149,11.92168215,5.090956555,9.965010268,9.130344857,8.368011316,7.57325908,8.703373355,5.518465524,3.542360187,5.550438522,10.3151991,9.092701021,13.39002691,11.3754477,6.688857446,13.12727489,13.42926542,9.807741711,7.56746287,10.07355084,8.036571354,4.246476016,7.631631517,4.933707379,3.624766137,9.021887013,Normal
GSM388106.CEL.gz,6.51152373,3.391458259,4.239677523,8.396153012,5.653451799,7.120252877,5.280771855,8.408566177,7.254641808,7.621077452,8.891486057,4.004856672,6.783411962,4.511536179,5.50699765,4.93946997,4.709927846,8.850901792,6.463804317,7.605824861,8.663486906,9.023591889,7.996009698,4.670687914,3.598293836,4.150867463,4.735248768,3.023913652,3.475457611,3.729880323,4.71426539,Normal
GSM388107.CEL.gz,6.453700944,3.377718339,4.148852225,8.491426775,6.003366312,4.191266168,5.735707001,8.34888947,7.249599686,7.921191002,9.762004185,3.470898061,7.133587083,4.089049226,5.479412843,4.876862884,4.352634419,9.386148128,7.359777174,6.982449639,9.13330722,9.417631935,8.681441935,4.629992976,4.016946573,4.414703424,4.876287252,3.265321637,3.642710207,3.83641397,4.730080142,Normal
GSM388108.CEL.gz,7.036176506,3.566806108,4.998609475,8.030220871,6.588347025,10.07961285,5.899343668,7.923892764,7.599285423,7.674852306,6.064241351,3.939419243,5.83335336,3.890527153,5.777733967,5.7958913,5.316970106,8.201233929,5.518701155,5.123511631,8.251446501,8.452501132,8.159330306,5.627218822,4.159418573,5.215045072,4.340971368,3.559922909,3.462011257,4.467823964,4.841932603,Normal
GSM388109.CEL.gz,7.120125713,3.785180111,5.185945603,8.224795952,6.817975872,10.24773349,6.014983023,7.999206062,7.685422443,7.918903008,6.770693648,4.490017599,7.897756668,4.458141737,5.985343822,5.670381605,6.609293421,7.746988979,5.2456205,5.990745714,7.873941723,8.35360761,8.518372349,5.953835681,3.82833102,5.326330599,4.57548029,3.837482618,3.688248478,4.074518216,4.997602408,Normal
GSM388110.CEL.gz,7.348890086,3.209963686,4.9185482,7.893390187,6.353488577,8.770032374,6.14451714,8.64837501,7.077946168,6.555028995,4.885702817,4.553989924,5.158983588,3.994867126,6.214503606,5.703289812,5.090205196,7.408055199,4.307872495,4.535980927,7.158037787,7.971384927,8.002169277,5.602628359,4.418151803,5.135792825,4.307914776,3.531998877,3.739275799,3.655115322,5.402738041,Normal
GSM388111.CEL.gz,6.023896745,3.412429938,4.230177999,4.924200128,6.506915221,5.850549177,5.567872653,5.997673969,6.928823735,6.17124891,4.800778658,4.626875562,6.654913564,4.867420703,5.990098989,7.337103446,6.911893897,8.52411027,5.969527551,4.959708468,8.155197311,8.671827038,7.747106894,3.863749781,5.158562472,3.187306311,5.004562612,4.35439639,3.647726818,4.436911769,5.534223149,Normal
GSM388112.CEL.gz,6.752268394,3.695752477,5.091263593,7.651217633,6.316325483,9.75953348,5.637123066,8.196321448,6.99834173,7.244056749,5.320150013,3.958381339,5.756107305,3.320480944,5.691173282,6.130811683,6.192011987,7.598005076,5.294059699,5.828219533,7.787177546,7.754706937,8.021902232,6.040380452,4.770353717,5.067557467,4.608973979,3.266931166,3.485798045,3.55960782,4.400248827,Normal
GSM388113.CEL.gz,6.812500665,3.839823608,4.72112451,8.097819031,7.294372689,10.36244551,6.426286493,8.234777123,7.63583515,7.476109511,8.303300873,5.016798737,9.443016761,4.310676234,6.141980106,6.500276334,6.656533862,9.470412205,6.424476784,6.924844436,9.10510182,9.71436317,8.60047031,6.003195426,5.473029387,5.250458066,4.653446924,3.412041264,3.612332608,4.60760594,5.240919264,Normal
GSM388114.CEL.gz,7.751229866,3.476106333,4.979399497,7.770215183,6.665568193,4.880244274,5.023320023,4.129615546,7.727038258,7.517220693,4.269610915,3.726791926,5.192052587,3.877875885,5.544884788,5.009874505,3.808764023,8.738431967,6.398847874,5.107879217,8.45864856,8.68393247,8.671569033,5.717706711,4.208534801,6.967860635,4.335115726,3.442384428,3.18147723,3.331688675,4.404514397,Normal
GSM388115.CEL.gz,6.187652488,4.787452084,6.516963199,9.702484342,12.53123403,12.17629194,9.714631654,7.716041989,9.699237781,9.597448917,5.59925984,9.038459842,9.45031846,7.123790427,5.362544641,9.77103958,7.945582675,13.20470036,10.95797981,8.446027345,13.21899173,13.28975125,11.10695814,7.353385366,8.930481835,5.857118665,5.979138957,6.922212662,3.805845254,3.140163768,7.899324999,Tumor
GSM388116.CEL.gz,6.339152957,4.922406458,7.321847273,9.556672571,12.39174839,12.21379344,9.458978709,7.82702282,9.856379164,9.682853323,6.007010432,9.259052696,9.241078222,7.634213264,5.159640493,9.440019873,8.492443601,13.23948626,11.08570198,8.550841698,13.23632376,13.32962091,11.08558041,7.551570781,9.213398445,6.620360276,5.734999316,7.128767288,3.81544429,3.311750004,8.006661487,Tumor
GSM388117.CEL.gz,5.582079583,4.977617331,7.230637912,10.73254183,9.984461871,12.70819457,7.277375337,10.17845389,9.695884464,9.223915868,13.17434154,9.35822509,12.58401517,5.393227876,9.318089392,11.53954941,8.760560839,13.37332468,11.7442751,8.884484961,13.03478319,13.47675918,10.78533482,7.622798317,10.36228844,8.957482181,7.425203254,8.234470092,4.87706559,6.143994715,7.417532544,Tumor
GSM388118.CEL.gz,5.417554416,4.905500616,7.463012582,10.14573855,10.12420676,12.4857741,7.296202444,10.10311962,9.656076262,9.194344293,13.13965215,9.421717233,12.61342834,5.406933731,9.254187375,11.01367539,8.411213519,13.40304761,11.86656995,9.154444056,13.46496145,13.42823239,10.56583833,7.648066192,10.31730902,9.14320967,7.021786324,7.95027159,5.12617141,6.250758757,7.152102355,Tumor
GSM388119.CEL.gz,5.026018194,5.991269888,7.402445297,10.83360334,10.28025983,11.15297135,9.380735717,10.42037138,9.010289364,9.55410722,13.05049491,8.205543383,11.36463924,9.137982938,7.323723571,10.91428566,9.52373899,13.08447044,11.14424016,9.717188618,12.79611848,13.15575907,10.60722164,8.07214943,9.697668078,7.953776251,6.601407883,7.442152909,5.375513421,4.395148409,9.675684815,Tumor
GSM388120.CEL.gz,5.619295769,5.718044381,7.48801204,10.09762118,10.473922,10.9712673,9.244127604,10.21583762,9.03816916,9.621883828,13.07436449,8.506081713,11.46888857,9.062988747,7.080953371,10.56979885,9.382136635,13.15091379,11.14606308,10.15195543,13.0213924,13.27617935,10.6887857,8.168729017,9.653507541,8.03500174,6.656607526,7.517276849,5.709679182,4.705031549,9.330070218,Tumor
GSM388121.CEL.gz,5.739038126,5.766961573,7.049626328,10.35825977,10.18542488,13.4303529,9.293236919,8.853554777,9.802748719,10.30934971,13.07575092,10.02154874,13.27626208,7.893975779,6.920113749,11.87226254,11.07428086,13.59160235,11.69357574,10.31279117,13.53870302,13.69493475,11.67044893,7.683077097,10.96962769,7.940343642,8.079835353,8.110091978,5.432564621,10.96281603,7.593313985,Tumor
GSM388122.CEL.gz,6.391678981,3.76287707,5.449080325,8.942207836,7.357791633,9.952394437,6.414760953,7.135952691,9.060467487,7.637333763,9.933196661,6.401950377,6.172071083,6.47963691,6.07873145,8.180982968,6.659470234,12.56981329,10.47982797,9.366230875,12.33947833,12.57099574,9.646567054,6.059677796,10.61707704,6.900108511,6.182507808,5.855004841,4.037295724,3.51369253,6.249608335,Tumor
GSM388123.CEL.gz,6.701506911,3.711588335,5.216704656,8.84911644,7.146163275,10.18523845,5.719828521,8.596134477,8.616267232,7.61642405,4.684261512,5.224416284,7.796561675,5.04551153,6.131355029,6.075487392,6.922178778,12.91473622,9.94037262,8.427268782,12.57204987,12.91846573,8.89317142,5.600063832,9.385458006,7.4297746,5.087935479,4.904102156,3.816582312,3.830550734,5.813126356,Tumor
GSM388124.CEL.gz,7.037119912,3.929320315,5.910594558,9.138153742,8.436811406,11.18717596,8.65414039,7.610173369,8.286166301,8.828776469,10.7080431,5.61683051,10.22332533,7.204212708,6.411580461,7.997456016,7.24277079,11.66008072,8.991228193,8.305314045,11.35625313,11.70186253,9.28697728,6.474862206,7.452011289,7.198714928,5.320694057,5.062829781,4.069376037,5.940398073,9.41877381,Tumor
GSM388125.CEL.gz,7.014049214,4.920244971,6.417894644,9.927447191,9.003353792,10.56001844,7.641223205,8.227196817,9.100359216,9.284562269,8.641637403,4.688965383,10.33194274,8.018273576,7.156403976,8.562954255,8.40741436,12.63221998,10.09943019,8.297224511,12.44650106,12.6699184,9.880710731,7.137200968,9.471027104,6.669120118,5.009115827,6.819813695,4.268497338,4.880225261,7.628510636,Tumor
GSM388126.CEL.gz,5.629780131,4.832751802,6.524685341,10.21305217,10.76689026,11.60881657,8.750418279,9.668354667,8.958889691,9.879664357,9.574314577,8.37039923,11.59550878,7.881065302,6.342622963,9.401229761,8.912192433,13.04144666,11.12011609,9.214118053,12.94145543,13.20235311,9.60764872,7.437269827,8.840153266,5.900665507,6.197629057,5.901742041,4.99758194,5.547694135,8.225421695,Tumor
GSM388127.CEL.gz,5.630275784,4.053655729,6.013690183,10.32082685,8.856670019,12.22338234,5.790995886,9.738998227,9.423494522,8.826514462,9.886766825,6.492013658,5.100213021,4.421148497,6.128999194,10.89002874,8.845708589,12.75772628,11.21197903,7.632727001,12.5048408,12.75141528,10.01610766,6.987503629,10.23375552,7.526392287,5.259495336,6.148990716,4.179914046,3.724030983,9.371314326,Tumor
GSM388128.CEL.gz,5.981715331,3.595237643,5.297675948,8.893978423,5.991159358,8.088503089,5.918709914,6.675757463,9.106699481,6.848846538,9.7026126,5.450589249,8.746564495,6.76608713,8.828897001,7.752086116,4.533193308,11.74175241,9.55289683,8.146860796,11.45671105,11.81334126,9.219256759,6.299000187,10.46650586,5.881106284,5.089595088,3.716522947,3.669716782,3.928288393,5.012018543,Tumor
GSM388129.CEL.gz,5.176075306,5.025642142,6.892289453,10.21471348,11.74272006,11.90613303,5.938015444,10.58226661,9.470694615,9.201534737,7.461744441,9.615531634,10.99831082,8.133577739,6.118221586,11.07446274,10.29949807,13.24773916,11.223985,10.16821316,13.18944075,13.51170881,11.71907839,7.621671795,10.17440573,6.758570095,6.316321454,8.328541389,5.283768373,3.621249151,5.807264332,Tumor
GSM388130.CEL.gz,6.866195085,4.021401202,5.212711617,9.455065581,6.246153563,8.692665399,6.618521129,7.597930676,8.874593808,8.036977386,8.054988499,5.520670906,7.500364044,3.497332251,5.167901422,8.315824779,5.716190971,11.56023174,9.272565857,8.111041442,11.3117842,11.54942334,9.059136661,6.447880266,9.79506881,6.582235007,5.031879957,3.609325328,3.879526782,3.493288704,5.612873166,Tumor
GSM388131.CEL.gz,5.956501261,3.921371924,5.921438453,9.427850675,8.429634539,11.39854487,6.598177221,9.09695616,9.205086966,8.278650567,10.53315928,7.675528443,8.05304737,3.967357264,6.683371269,10.50801704,8.340761729,12.70579808,10.99620023,7.135462079,12.41167737,12.82917008,10.10925958,6.597562052,10.31577938,7.694921303,4.46479023,6.648581612,3.986810287,4.177205058,8.242485656,Tumor
GSM388132.CEL.gz,5.377971675,4.370866325,6.578410463,9.469376852,9.481111675,11.83580929,6.551845546,10.30668064,9.02576098,9.833361989,9.667602944,7.153171587,11.06001033,7.145716199,6.538025347,10.52400919,8.962593638,12.46350666,10.5356468,8.937277786,12.16330195,12.50513752,10.78648184,7.447870596,9.527141672,7.508524519,5.953364601,4.73288291,4.03696015,3.903636833,8.326997276,Tumor
GSM388133.CEL.gz,5.636574272,4.58385335,6.352630059,10.51774219,8.506471299,11.99727424,6.534467336,10.75148293,9.26616617,8.601708463,9.511537428,8.775783959,8.087323917,5.171130251,6.137735237,10.75211088,9.112309542,12.71570925,10.77815975,6.824598643,12.4184089,12.71443113,10.30014217,7.186876268,10.2621452,7.568089787,5.164730987,7.01173282,4.125972638,4.472959944,9.603532895,Tumor
GSM388134.CEL.gz,6.079455031,4.012178607,5.522803137,9.421607059,7.270457124,11.2243297,5.788008053,9.931783283,8.683218059,7.6141012,7.204396907,7.691507842,6.67931478,4.536060843,6.0267674,9.91853538,7.729065578,12.10877113,9.826747534,6.315179541,11.7906394,12.09714474,10.09002184,5.823782763,9.884675093,7.040482121,4.214612092,5.236216527,3.714407901,3.710033328,8.040957315,Tumor
GSM388135.CEL.gz,5.217430506,4.589891802,6.124482964,9.475730019,8.554364721,11.50618016,8.577369263,9.628869356,9.023510012,8.932006073,12.86543665,6.672650087,11.77530985,7.068376017,7.661450305,10.78161107,8.790742967,12.37443744,10.34535304,9.176519758,11.99019418,12.28505935,10.47763441,6.807170498,9.721823303,8.462174116,6.801742542,5.627019041,4.443658716,6.739613451,6.759772467,Tumor
GSM388136.CEL.gz,6.747572879,5.108852561,6.035145712,10.14731253,9.224303749,11.68512857,5.712021725,9.428892767,9.724084887,8.299615347,9.097715768,9.634209847,7.128249439,5.779962178,5.592619346,11.03353198,9.559887102,13.38308435,11.73586142,8.05447565,13.26212444,13.6042511,9.593853603,6.964312356,11.09589884,7.877480548,4.864350863,8.130239354,5.055918538,4.348738617,8.61184463,Tumor
GSM388137.CEL.gz,5.228218358,6.593725122,8.376645435,10.19400978,10.96909716,11.84542141,8.632007757,10.06935228,10.87640226,4.554083686,8.890642076,9.185571,8.947318407,8.965461456,5.5828302,9.133411983,11.6515943,13.44959319,10.31851508,9.112290579,13.32378194,13.73593653,9.959009694,8.841032379,9.950850922,7.244956624,6.592160513,8.690673551,5.233395978,3.962381499,7.516256328,Tumor
GSM388138.CEL.gz,5.007103706,5.202368981,7.678220843,10.39522869,11.7925215,12.19236583,8.600294644,9.765563403,10.34976102,10.47686299,12.00762687,10.02999268,11.69269017,9.257396468,5.449446629,10.72651954,9.990517758,13.35404239,11.47033521,9.651484851,13.48086163,13.55034308,11.18887188,8.047815033,10.27015916,7.191255294,6.811228089,8.9082881,7.055706631,4.584820186,5.986519875,Tumor
GSM388139.CEL.gz,5.522887017,4.361094688,6.18226875,9.818736437,9.027052538,11.44569027,9.268082698,10.11529997,9.914814375,10.18285869,13.36575353,8.134101532,12.00538543,8.836124961,8.363620623,11.21529322,8.983816545,12.82571165,11.07534555,10.79140848,12.54145516,12.95987147,10.53583174,6.79306748,9.948978129,7.645507,7.098769657,6.488677758,5.470920334,7.504593268,8.545863436,Tumor
GSM388140.CEL.gz,6.198172807,3.684260475,5.657513854,9.280737287,8.180594844,11.45524109,7.291882226,9.651756072,8.842521115,9.069164614,12.68880741,7.132544898,11.17535637,5.126866048,9.142774585,9.206393747,7.84264084,12.02550979,9.770533933,8.88214349,11.71914356,12.04027087,10.08578436,6.344145106,8.893471405,7.939568544,5.58377802,4.695309162,4.097091454,5.741465958,6.432074496,Tumor
GSM388141.CEL.gz,6.65636485,5.236285776,6.705066217,9.715336992,10.01950745,10.8724859,6.963661112,9.245602241,9.409365576,10.0163496,11.64252291,6.951003224,10.23459941,7.355681686,7.469376463,10.7318952,10.64402777,12.83533645,10.94772524,8.229355466,12.57832816,12.86359523,10.04838847,7.224660338,10.56948064,6.200123616,5.14028977,7.173631451,4.475450663,7.067408048,7.876844688,Tumor
GSM388142.CEL.gz,5.182398477,6.729360929,7.712791558,10.23530121,10.17393201,13.06448335,10.0618071,10.34755107,9.311427626,10.38661782,12.85061574,9.53055922,11.59460149,8.777551016,7.262573436,10.64666031,10.47697144,13.21447869,11.4690072,10.29447386,12.95127464,13.25481017,11.7388039,8.386019617,10.16499984,7.698868993,6.394871528,6.669746607,4.778581118,7.964887957,8.022127392,Tumor
GSM388143.CEL.gz,4.929307054,4.107941567,6.20844522,9.807480939,10.06561726,12.5918462,10.57192981,10.68375542,9.166037787,9.553258998,11.57546255,8.96624117,12.81127459,5.75432847,8.49448896,11.44890703,8.885705907,12.94795729,11.01739544,9.746023708,12.66003289,13.01941252,10.25481596,6.953819886,10.155872,8.104241604,7.63706601,6.554796096,5.529071834,9.086484599,9.73212215,Tumor
GSM388144.CEL.gz,4.610461151,6.608021087,6.681205106,10.19340011,10.57844401,12.07182987,8.954241074,10.91830208,9.752930841,9.660591418,12.92310877,11.31863427,12.02410037,8.120806052,7.409203685,11.95100941,10.16157699,13.48263712,11.42031685,10.28953048,13.48911853,13.57216392,11.17300043,7.831630212,11.51300582,7.027988436,8.072971003,7.833496365,4.83602164,6.643504793,7.525677331,Tumor
GSM388145.CEL.gz,6.429475247,3.692966913,5.466017206,9.251891491,7.443438978,11.18474758,7.653103592,9.357059257,8.48679256,8.001632001,8.460855185,7.017079664,7.182413713,4.547688251,5.960249046,9.076265852,7.043855558,12.25105729,9.973237354,6.896856171,11.96332365,12.24914788,9.393641566,6.041429709,8.877612129,6.686503343,4.419533796,5.107461317,3.594384429,4.55442775,7.693934037,Tumor
GSM388146.CEL.gz,4.918327585,5.206648596,6.74178824,9.91992098,8.485346309,10.08261987,8.719858342,9.940898476,9.344406178,9.635648868,12.98419441,9.217230475,12.14096343,5.028551447,8.632438825,11.84843977,8.516475402,12.91224681,10.99410703,10.0077449,12.62432989,12.98824884,10.33422496,7.357855143,10.49954989,9.109259989,9.353751221,6.444436515,3.744007317,8.032264472,8.25698945,Tumor
GSM388147.CEL.gz,6.25749235,5.94581109,7.247176504,9.966120652,9.795947813,11.91423691,6.764224207,10.13462285,9.092165373,9.256803233,10.99663206,8.443354081,10.60407535,5.369794146,8.764434155,10.27684543,8.272959794,12.77291601,10.95122366,9.168332919,12.47257081,12.84702467,10.31308856,7.86841269,10.04222287,7.506787955,7.36037355,6.486534016,4.235009098,5.599722144,9.094443344,Tumor
GSM388148.CEL.gz,6.079325221,4.352634419,5.819382889,9.487398002,8.008051474,11.47843762,6.516755445,9.739928995,8.582476889,8.675943055,9.804302819,5.463667951,10.67822226,6.595182118,6.137439895,8.051457966,8.368619003,11.47736281,9.410076001,8.849859899,11.1616642,11.47621465,10.02780431,6.540609516,8.848972791,7.274889484,5.739798458,4.689001556,4.359304906,7.78063802,6.444841901,Tumor
GSM388149.CEL.gz,6.540994283,3.944376636,5.517110773,9.879349686,8.042653542,10.83974705,7.857518076,9.49889405,9.432923634,8.595108508,5.996129157,10.9144603,12.01830715,5.644121277,5.932233717,11.80646256,9.170417613,13.60895167,12.20739704,9.240652684,13.69669873,13.76978732,10.55849299,6.362375711,11.23553851,8.094480191,5.387429516,8.318960477,4.622903169,9.591940166,7.978151994,Tumor
GSM388150.CEL.gz,5.961604044,5.076421423,6.234052362,9.917694212,9.288956942,11.93981391,9.650339638,9.436131495,9.55699339,9.23445062,12.94989402,9.521231866,10.56424362,4.891810228,7.079088791,11.91508789,9.018841398,13.17202957,11.12201924,9.266731843,13.12394553,13.23789371,10.04751959,7.253682349,10.81730081,8.353819082,6.393917421,6.8631102,5.104675535,6.916754072,6.927962854,Tumor
GSM388151.CEL.gz,6.751342658,3.877901058,5.962713604,9.275572725,10.21571871,10.48794651,8.69404898,8.103723671,9.364424516,8.378102193,4.737939517,5.1316231,9.990018816,8.494331178,6.177027765,9.081758206,7.020465058,12.57001221,10.56712882,8.903348875,12.27398357,12.58908556,10.24547172,6.478956277,9.884010921,6.795598,5.041605591,7.02752617,3.518328289,7.799304864,7.138527231,Tumor
GSM388152.CEL.gz,6.48520561,4.526640434,6.567976538,10.00730301,10.34472322,11.70782301,7.865194216,9.061868671,9.741623836,9.580281462,11.71232175,9.968860261,9.44450599,5.503329798,5.996721451,11.18284745,9.067049779,13.15999157,11.34673305,8.363641306,13.08182728,13.25731342,10.28943327,7.206612579,11.36472643,6.736462475,6.080406084,7.880510107,4.41120268,4.19286517,8.595561095,Tumor
GSM388153.CEL.gz,6.553981365,3.8336878,5.419053898,9.604524468,8.700889702,11.13823491,6.753545454,8.932398126,8.914748011,8.232572939,8.889404702,7.986378106,10.14900252,4.735928007,6.290870821,9.724094972,7.756477126,12.60130268,10.4651975,8.238917361,12.2772314,12.59216072,9.549549663,6.159701556,9.5559276,6.463462805,5.16323236,5.859364178,3.879481962,4.054338285,6.114561981,Tumor
GSM414924.cel.gz,5.636657854,5.519409152,6.104092475,9.974283431,9.38511808,11.212755,9.00698196,10.44854375,9.748603934,9.581700019,13.16510339,8.613711703,12.36388603,4.38902529,9.211247122,9.913795387,9.504790132,12.21872939,9.750267849,9.840154022,11.77611466,12.07505095,10.7964069,6.941799275,8.752704336,7.518687239,7.899498175,5.533175856,4.254353596,8.207588743,7.308542795,Tumor
GSM414925.cel.gz,6.77990731,6.173195037,6.904938456,10.72401063,9.962761724,13.27162253,10.39615429,9.917641778,10.40113944,10.8119033,13.77083311,10.42880138,12.65559882,5.220300918,6.630024469,10.66706139,10.72346924,13.16663861,10.56089171,10.48740572,12.89058652,13.1844309,10.7834372,7.512375841,9.835166353,7.138189936,6.989100169,7.656821105,4.254401268,9.726619308,7.475325286,Tumor
GSM414926.cel.gz,6.301942132,5.482565651,6.221732899,9.741273447,10.27316588,12.70070115,9.858473636,10.22280919,9.394513994,11.14022388,13.36781408,8.328739165,11.99086857,10.76158763,9.685201566,8.497212254,10.60490501,11.74243129,8.882481067,10.61076801,11.28307996,11.68255144,10.90187109,7.133780819,7.637494939,7.774677511,8.175199895,5.774334948,5.444540301,6.569996293,4.860683384,Tumor
GSM414927.cel.gz,7.20164905,3.861660695,4.625856191,8.778984049,5.010710285,10.37838333,5.357754732,9.264145224,8.295285538,7.951760424,10.42929766,4.468189502,7.212682392,3.48170202,7.082937729,5.659752577,6.49992082,10.31653351,6.297808168,5.375349914,9.75259348,9.987462018,8.932278573,5.550069374,6.921668034,6.297205896,3.929771479,3.010780497,3.632173856,3.653448745,4.790097794,Tumor
GSM414928.cel.gz,7.120286616,4.174305057,5.1278807,8.752526613,5.140552137,10.76283715,4.537453012,9.185286881,8.707452029,8.264852128,11.15557226,3.375260599,4.554270025,4.120076727,7.750123083,5.507951544,7.067638175,10.66163323,7.082096416,5.20248614,10.05984818,10.29049344,9.024579989,5.467006393,6.204795014,6.78243504,3.554839713,3.077280222,3.455774926,3.550418643,5.272483095,Normal
GSM414929.cel.gz,6.57637772,4.687483738,5.916476489,9.95584845,7.18028973,12.18688775,10.10099134,9.384055075,9.136740169,9.727628942,12.50692854,7.45959479,13.53793859,9.920603201,7.685136411,8.768990753,10.01257356,11.92172127,10.02761238,11.37556319,11.49879263,11.8423673,10.66983923,6.544424196,8.699315445,9.047477589,6.429026313,4.163277874,5.534390502,11.40514991,3.572116943,Tumor
GSM414930.cel.gz,7.163282147,3.813437575,3.93509522,7.852395067,5.198154306,10.44799826,5.198850658,9.151745217,8.318270569,7.930872223,7.044346036,3.728481448,5.352858755,4.290634664,5.782496275,4.034163854,6.270567378,9.163655046,5.836811484,6.809130179,8.475655422,9.156631225,9.057161934,4.710488006,4.745751949,5.510414118,3.862254447,2.878797854,2.771583899,3.814404984,5.000378951,Normal
GSM414931.cel.gz,4.478531545,6.587334637,6.711765857,10.36221286,10.33407841,12.34089221,10.55158863,9.164426218,9.880750244,10.46442385,11.61523517,10.1973914,11.80942994,8.193094291,8.170367822,11.05706416,9.472577076,13.35402971,10.80166682,10.67484407,13.22270619,13.45193145,11.01670995,7.373486228,10.57969331,6.937593444,7.077638051,7.59456602,4.973634052,9.288713587,5.825552721,Tumor
GSM414932.cel.gz,6.695040123,4.956071798,5.817295782,10.31585528,7.394799555,11.28521246,5.463834378,8.922271664,9.15561702,8.665366814,10.11689452,8.660090177,6.120000809,4.89083196,6.684409963,10.45949555,9.007615711,12.94169538,11.16317844,6.618277814,12.69771326,13.01471886,9.689598245,6.433720381,9.839930504,7.057209554,4.389787687,6.452079251,3.824984497,4.295624815,8.311964516,Normal
GSM414933.cel.gz,4.493128274,4.976971427,5.140356324,9.640647718,9.327339545,12.01046917,8.725054494,10.31918645,9.759848003,10.12842665,9.839354863,10.56087836,11.88631733,8.521726279,8.890552318,10.20569071,8.66509426,12.86619631,9.960456611,9.926854045,12.67835747,12.8726546,10.55499453,6.363664335,8.985800589,6.539477881,8.630247338,8.146739454,5.279735162,6.182178709,6.589887239,Tumor
GSM414934.cel.gz,6.943023192,3.451855214,3.762664308,8.991681194,4.630337156,7.1631868,4.103101071,5.12519102,9.366989859,6.850379751,3.637923143,8.674749848,4.850361522,3.85168163,6.152976551,8.731073844,3.054491226,12.2864238,9.394791802,6.495054803,11.92588715,12.19601214,8.285308509,4.231639865,10.71134008,5.851130576,4.03980254,4.738240722,3.084226132,4.194058619,4.272487774,Normal
GSM414935.cel.gz,6.328336098,6.078803629,6.44250557,10.06428409,9.166948229,11.42184759,8.757090103,9.299896841,9.565827786,10.04651841,12.99568771,9.207380405,10.5071888,8.146080903,6.60866891,11.04403042,10.59619772,13.17464023,11.08999111,9.733298124,13.05148266,13.18912652,9.844913151,7.329752259,10.20476388,5.776902204,5.037660849,7.085108778,5.384993088,4.141016969,8.463229171,Tumor
GSM414936.cel.gz,5.572063599,5.883169787,7.009043147,10.36452421,7.990348856,11.45478097,8.415527048,8.61896509,9.120164828,10.50692181,11.17136834,10.41061975,12.29955612,8.663985281,7.113121614,10.55027781,10.57177341,13.17141857,10.70984176,9.434557839,12.83620772,13.1722168,10.74083262,7.671425771,10.46567789,6.243142887,7.123651615,8.026910303,5.342304498,6.218439241,7.73054866,Tumor
GSM414937.cel.gz,6.22779986,5.761389162,6.915288484,10.06212142,8.564367779,12.49893274,10.91082461,9.173025229,9.675472214,9.697063478,12.50839314,10.30647007,10.49060418,7.964988803,8.200320266,10.75949289,9.450239296,13.02643115,10.57386055,9.042177707,12.81589987,13.08162785,10.51525855,7.41594395,10.02211476,6.232615292,5.796641127,7.610590293,4.813078654,7.264281882,7.502265943,Tumor
GSM414938.cel.gz,8.302562974,3.186863376,4.309521491,8.506821296,4.016541221,4.538064342,4.740524082,7.868814631,7.702399676,8.124770299,9.344277163,3.170299622,7.099390076,3.373010459,5.593724708,3.875884059,3.660756804,10.81540245,7.698091817,7.532024758,10.41924649,10.75995609,8.830447863,5.12708392,5.113024931,4.371304712,4.126501201,2.589542279,3.474852434,3.711560148,3.143457472,Normal
GSM414939.cel.gz,6.618769479,5.187253571,5.67120404,10.48809672,8.620021671,11.5305962,10.73543715,8.823217992,9.204157833,9.615352928,12.10125914,9.809291471,11.92901826,6.787606238,5.75688122,10.24871496,9.973488522,13.15457667,10.78939925,9.214346487,12.86162558,13.26895813,10.09449451,6.567448325,9.695972553,7.13861826,6.962163237,7.696968948,4.511463957,10.30753437,7.82378189,Tumor
GSM414940.cel.gz,6.967391308,4.435595954,4.689486363,9.473084975,6.312877313,10.44330834,5.031407968,8.209588461,8.582404589,8.019769869,9.598512954,8.054882888,7.435484919,4.475810686,7.283246847,8.406504959,8.015956509,12.09652881,9.205663774,7.05199203,11.7220249,12.01754582,9.54134925,5.582720597,8.941307689,6.191878093,4.36972034,6.378069954,3.558804237,5.904554991,8.368897932,Normal
GSM414941.cel.gz,6.108224605,5.67029332,6.582741255,10.23711439,8.731599217,12.01800401,10.29986946,9.253194572,9.061061999,10.0917999,13.18676967,8.953635242,11.37615605,7.159960323,9.541274714,10.70396117,9.399821998,12.77890398,10.3049088,10.62975475,12.54778306,12.76586479,10.04267542,7.203111612,9.653595959,7.866193844,7.719498697,6.422069672,5.589308476,7.317502941,8.58807348,Tumor
GSM414942.cel.gz,7.678989848,4.186906694,5.098464693,8.207114677,4.271670035,9.740569471,6.412683802,7.892795927,7.899520473,7.538627033,7.023821094,4.718914326,4.969946255,3.63940044,6.384867604,4.426571696,5.829302683,9.247066631,5.24430561,6.527585207,8.984325151,9.2310478,7.852805859,5.694930913,4.855609643,4.869141731,4.108172403,2.611023483,3.172842629,3.512431222,3.815068174,Normal
GSM414943.cel.gz,6.724499255,6.102987478,6.391901049,10.68728289,9.084897514,12.36921034,10.86733917,9.13867766,9.343936853,10.5536088,13.08241209,10.25982923,10.69832475,9.418853701,7.776856797,10.80075885,9.305216603,13.22761406,11.6851096,10.12353596,12.97665132,13.2354553,10.44286392,6.910703609,10.01464105,5.81387485,7.452019494,7.879734631,4.559802881,8.299219866,8.297763661,Tumor
GSM414944.cel.gz,5.896349097,6.045583483,6.61328552,8.810270705,10.84416725,9.026765288,9.568467593,9.072054127,9.232399533,11.72690425,7.523460079,8.748293081,10.43453581,10.3442371,5.98749685,9.230816937,10.8175375,12.24594598,8.463184504,8.706750405,12.02524769,12.28208086,10.78984438,7.30088443,8.601406755,6.937946449,6.822837456,5.538634039,3.273954007,3.82935846,7.37469382,Tumor
GSM414945.cel.gz,5.048351492,6.295148636,7.065936267,10.36860951,4.878809812,10.66380378,4.432059292,9.368142884,9.078792124,9.423404484,4.540066149,5.793115835,4.225990221,11.17287265,8.005553242,6.464558284,6.09013567,13.24171178,7.632019128,4.446450984,13.12371845,13.30321131,8.783232888,7.504321594,6.519105289,8.26586815,3.393365469,3.973703617,3.333643007,3.921595328,6.068161531,Tumor
GSM414946.cel.gz,5.818724608,6.073936178,6.62217965,10.81571782,9.895381366,12.33322808,10.6923949,10.07601277,9.84728645,11.6616456,12.77396631,9.163367629,10.29583029,8.236470011,7.557502303,10.0653108,10.90634341,12.62995547,10.36450178,11.13748565,12.41024304,12.52744719,10.30486718,7.470503287,9.419919657,6.364362657,6.78950741,6.090635618,6.911295334,6.919977247,6.022873049,Tumor
GSM414947.cel.gz,6.749016033,3.698560653,4.07367958,8.216190472,5.824484883,9.629840142,6.347606835,8.47866478,8.049869679,7.964486028,8.698916647,4.313687117,9.013759072,4.568782568,6.453428517,6.191049959,6.116093508,9.606465492,6.395559159,7.248801367,8.857364411,9.421609481,8.32969289,5.155097135,6.556287528,5.518274779,4.109827988,3.510120009,2.672098831,4.43822735,4.143736136,Normal
GSM414948.cel.gz,5.697738538,6.401502148,6.641417104,10.4164667,9.212107786,12.26002658,9.596919074,8.397494059,8.825590004,10.12343774,13.13924155,9.842892002,12.01011951,9.556821538,8.747807993,10.93045455,9.36931398,13.02902932,10.60026746,10.99608079,12.89888091,13.15062898,10.7594767,7.324450282,9.810241158,7.696647917,7.496684276,6.287304703,4.377226337,8.977404129,7.524117024,Tumor
GSM414949.cel.gz,6.772026184,5.214566709,5.993604133,10.23212397,8.493477469,11.77244527,9.239798687,8.541784983,9.179430284,8.615222482,11.25215645,10.43584895,9.215893167,5.940248451,6.901729066,10.58775571,8.559468605,12.89071871,10.52081215,7.535220437,12.76979405,12.97949188,9.762378545,6.670351964,9.92849025,5.930793371,4.869941055,7.949663641,4.276427617,5.943557233,8.952938941,Tumor
GSM414950.cel.gz,7.11267001,5.38417476,6.384566691,9.987014238,8.331849693,11.17877549,8.953647143,8.711038851,9.21091377,9.849231991,11.55145727,9.458845882,11.15442555,6.693645659,7.404063127,10.34373869,8.897594355,12.9043026,10.76971933,8.781164051,12.70018799,12.97753889,9.417071266,7.097527029,9.927684775,6.950875472,6.463621933,6.276954178,4.701006548,5.578853794,9.051229188,Tumor
GSM414951.cel.gz,6.101310344,4.99078181,6.353364546,10.29914984,8.100201884,10.87564695,8.968135835,8.960206743,9.318773196,8.852580273,12.22210259,9.681319516,12.99257501,6.788407854,6.382704735,10.5770595,7.530387715,12.59413726,10.52449375,9.485493884,12.41141547,12.68664261,10.10159378,7.076209203,10.1697477,7.914988121,7.33903533,7.642415607,3.971057278,10.85693789,8.857624321,Tumor
GSM414952.cel.gz,7.522671821,4.338745604,5.802049391,9.536602444,7.596258828,10.27006354,9.173502414,8.615717931,9.329172428,9.076391379,12.09924823,8.028663089,10.70045269,4.900013272,7.496900863,9.692886843,9.076694917,12.06911799,10.2863368,9.180589396,11.82923601,12.08275531,9.4602228,6.236186087,9.469758126,6.145125699,6.717794778,5.69469761,3.468961362,6.328434655,6.030946921,Tumor
GSM414953.cel.gz,7.747197753,4.19745304,5.2463265,9.392704173,6.237551801,8.620871465,7.121702513,6.136093482,9.061505953,7.358573089,8.912465294,7.792989773,7.199087793,4.28948467,6.05113616,8.461403555,7.058143989,11.90109619,9.645061322,7.419654104,11.64374876,11.92533349,9.089606904,5.634684457,9.80275993,5.338774999,4.195136512,5.837596289,3.423737367,3.667009926,4.358145479,Normal
GSM414954.cel.gz,7.009078337,5.579097305,7.331552312,10.43240351,9.864643892,11.32421468,9.411117297,9.186984966,9.627149958,10.0805604,10.60356734,8.544779735,7.242302831,6.256829671,7.811899191,10.3513997,9.630348375,12.90087266,10.87893875,10.666305,12.68898773,12.94059911,10.25703067,7.573665907,9.441517492,6.280124567,8.294281981,7.334306491,5.148428892,4.361265175,8.325908135,Tumor
GSM414955.cel.gz,7.570150284,4.490151525,5.909113154,9.777421119,8.309075322,10.80677537,7.927114713,8.753319815,9.204573431,9.018527581,9.849275908,7.51339679,6.832628886,5.622047425,6.635018864,9.866293503,8.56279687,12.14543598,9.840725942,8.890395502,11.93109392,12.03670057,9.632259259,6.467433347,9.307626234,6.341849104,6.514526591,6.046351939,3.985322806,3.298750322,6.503136,Normal
GSM414956.cel.gz,6.503259864,5.745561116,7.198875962,10.27007623,9.535566458,10.32060261,8.452470181,9.022649219,9.762423575,10.09159967,9.8664582,10.67080365,10.65271187,5.848558702,8.568161188,11.1939283,8.484875763,13.30699891,11.63914391,10.15181752,13.11145996,13.37159633,9.240366134,7.427245722,10.96899323,5.683222495,6.584165912,7.904685672,4.784799532,3.408514683,8.404210825,Tumor
GSM414957.cel.gz,6.974973038,4.727389567,5.095135398,9.148398315,5.084289671,9.925165738,5.529606875,8.219224889,8.026070814,7.041710618,7.819840642,4.727389567,4.974062467,4.026845222,6.467692065,6.401728243,6.169022728,10.2627244,7.352102707,6.016779295,10.13894236,10.21515883,7.932884651,5.879048726,6.561704135,4.584993926,3.402708622,3.092356323,3.009378797,4.127610453,5.717115902,Normal
GSM414958.cel.gz,5.896240975,5.161050969,6.423096955,10.57832156,8.975962438,11.04621086,11.28328999,8.970486223,9.775387559,11.10613905,13.42622732,9.452253842,11.97453095,9.820381513,6.831441509,10.01283226,10.21847896,12.87167801,11.0544393,10.74410896,12.70756956,12.87639216,10.33385695,7.128099538,9.011867815,5.737723002,7.339781845,5.106481993,4.832059757,9.882650987,4.962557977,Tumor
GSM414959.cel.gz,6.45475179,6.49095494,7.007881091,10.2866741,7.857845244,11.62086194,10.90302708,10.11066315,8.990311641,9.785947728,12.18413176,7.082093449,12.22630128,4.391369221,9.652279684,9.047706786,9.41030428,12.08242023,9.424915597,10.6465176,11.78335525,12.06318663,9.866569151,7.621098465,8.610826273,6.683027386,8.131137372,5.654827057,3.408232816,8.191490712,8.431515869,Tumor
GSM414960.cel.gz,6.031080199,5.751040888,5.925936223,10.04398953,7.576592544,11.40009681,9.92408892,10.05104665,9.063629563,9.933607706,12.48364992,9.627866608,12.17899852,6.983704967,7.752405486,8.732375889,8.78785513,12.35901127,9.496044201,10.61803002,12.22240597,12.38171391,10.0576197,6.725046697,8.10618383,6.246191117,7.776210861,4.761601777,4.057336122,5.313907535,7.093416428,Tumor
GSM414961.cel.gz,6.41717436,5.235241837,6.534258828,10.31870509,8.152894605,11.42937862,10.43053357,8.335594274,8.894112813,8.999440395,12.65095636,9.396157377,11.73407163,6.178064093,7.24823671,10.64267507,9.531671785,12.84978909,10.78419824,8.767613962,12.74725024,13.00771443,9.649487491,6.884825478,9.707877392,5.541420446,5.506512246,7.058612822,3.784606563,6.161951283,7.89572907,Tumor
GSM414962.cel.gz,6.298509156,4.601722268,4.195843781,9.23796223,7.602292037,10.96541262,10.30857191,8.790175812,8.533293182,8.587578798,11.66112424,7.028170532,10.18561987,5.70922714,7.471685436,7.89522977,8.700749558,12.06554717,7.84443238,9.12122747,11.71861141,11.98366002,9.194510453,5.148931391,7.373262522,5.348542463,5.806436365,4.049445694,3.685865269,7.654772448,8.101311579,Tumor
GSM414963.cel.gz,6.868287016,4.310765362,4.72006354,9.3415777,5.868608703,10.62891526,5.396305313,7.631344971,8.659840412,7.635144712,7.042334736,7.099902972,5.009471505,3.548076139,5.573177264,9.671125869,7.820665524,12.09071849,9.428249208,6.803695095,11.88563386,12.09258925,8.913741644,5.512885146,9.718695178,6.05560643,3.703462438,5.048587438,3.776104655,3.551926089,6.923171616,Normal
GSM414964.cel.gz,6.530504416,5.051431981,6.410255189,10.13837262,10.26323874,11.99857362,9.92692495,9.174452416,9.347697186,9.896955342,11.98275628,8.472992321,12.0082029,7.502792588,6.830283265,10.05232041,9.511806039,12.92310307,11.07565814,9.714605964,12.7148429,12.96323805,9.937305182,6.937860345,9.137319429,6.797904408,7.185012194,6.686585395,4.274492417,6.718679079,8.448532857,Tumor
GSM414965.cel.gz,7.125839158,5.621246375,6.626988582,9.980427873,10.01683154,11.71833858,11.4480913,9.574974862,10.21122403,10.07704937,12.69344909,10.33126675,11.86038062,8.073041035,6.678038154,10.25607122,10.68666763,13.16243746,10.96595741,11.29573168,12.99912566,13.19247212,10.04981139,7.327648962,10.00486177,5.804352519,8.760207367,7.40004347,4.77107778,7.895244643,5.963848354,Tumor
GSM414966.cel.gz,7.678875765,4.012520135,4.348379947,8.389722457,4.915628074,10.02191346,6.377063632,8.180017999,7.087992521,6.853185893,5.673347922,3.828527884,5.170055977,3.096725621,4.790961636,4.468928599,6.213874147,6.578722391,4.65797115,5.493232393,6.674937644,6.773001021,7.038970554,5.258758052,3.281825913,5.638652136,4.03980254,2.709468027,2.693430069,3.397291546,3.405189396,Normal
GSM414967.cel.gz,5.30479845,5.797017341,7.825636138,10.7230906,9.581834562,12.70953638,8.305567711,9.961967955,9.058817176,10.32007929,8.589473494,7.768629761,6.167704879,8.34477984,7.137276986,9.06713844,9.445628753,12.17263648,8.949675725,8.863357792,11.97173674,12.19481913,11.57838226,8.265716724,7.974791492,8.206996669,6.063568377,3.90698017,7.112417573,3.727773849,4.988368096,Tumor
GSM414968.cel.gz,6.326589206,5.154798094,6.515673802,9.53791816,7.66140051,10.24549598,7.708277762,8.285769851,8.978404565,9.659221255,12.40382604,8.503825098,10.92725136,6.046809172,9.028132617,9.891709811,7.308556837,12.20914509,10.18875983,8.906287993,11.97918504,12.22669499,9.625989566,7.014790892,9.855835134,7.106791754,4.519773458,5.891283084,3.503863261,5.9604102,7.987618701,Tumor
GSM414969.cel.gz,5.634273153,5.260501623,6.176853865,9.491662952,8.432577012,11.43376937,7.9635134,9.408474569,8.878861344,9.339930961,12.86553643,6.922196921,12.00923087,8.624653734,8.275166687,9.498236689,9.614886118,11.83222027,9.555892955,9.815236851,11.50861957,11.84323911,9.390803268,6.847082083,8.722882982,6.03505903,6.773650143,4.567782052,3.867329706,6.070514402,5.878333302,Tumor
GSM414970.cel.gz,6.051482637,4.700744991,4.717435194,10.18572032,6.884551217,10.70875303,5.362438032,8.642134265,8.71462653,7.541056328,9.62859431,6.493605676,5.959853271,4.375349197,6.606575001,8.989170257,8.027056802,11.7484688,9.693110603,6.50683952,11.41246038,11.8335516,8.939335277,5.433160015,9.117083212,6.428196089,3.314103117,5.517821726,3.566424733,4.596262175,7.099399506,Normal
GSM414971.cel.gz,5.128465451,5.650311223,6.16599187,10.43139973,8.670945195,11.80565137,10.58511323,8.462410628,9.326750721,10.15813637,13.21750893,11.15919482,10.63874694,8.148818336,5.690784729,11.30163442,8.828182235,13.31471395,11.25882389,9.606006383,13.32960202,13.33033044,10.97231996,6.969480644,10.53160842,6.15240659,8.216260027,7.83827482,4.316917889,10.84704954,7.516343178,Tumor
GSM414972.cel.gz,7.677919882,4.182214328,3.901244913,7.494503497,5.301391971,8.379713891,5.835852172,7.148220862,6.603107699,6.08444502,5.345563497,5.337245807,5.357470549,3.678149733,5.712537935,5.077806413,4.816712623,7.995683342,4.713757268,4.970297551,8.249488595,7.829034882,7.160382197,5.08319367,3.257289714,3.423054281,3.319291753,3.544347167,2.841699681,4.282013002,4.096826235,Normal
GSM414973.cel.gz,5.725229452,6.607539272,7.310035557,10.78479596,10.15290016,12.07559671,10.43894242,9.427837407,9.293874082,10.37533864,13.82266907,8.132580748,12.23926885,8.971968643,7.524445491,10.05901275,10.85732855,12.40296409,10.14966191,11.28520716,12.1193952,12.50228385,10.69855854,7.968159186,9.229848011,5.956281032,8.247655357,6.458666865,4.982198183,10.17047764,9.220025835,Tumor
GSM414974.cel.gz,6.517578538,5.313318429,6.138223387,9.779259517,8.177276511,11.32460409,9.170105951,8.826286848,9.087067295,8.260941639,12.6523989,8.981852554,10.32669677,7.012602744,7.370847317,10.03626934,8.472967888,12.64952728,9.997343799,9.223235492,12.30800388,12.62847921,9.420571066,6.732905798,9.866702296,5.823610191,4.847833335,6.732188723,4.825296564,7.657555514,8.005074989,Tumor
GSM414975.cel.gz,7.286493767,3.644281464,4.137782653,8.278923092,4.510234903,8.698872577,5.794221241,8.211990226,6.932259799,5.98971274,3.984691373,3.786853581,5.700374197,3.303389416,4.822641234,4.931892029,4.897409466,7.625020632,4.658780445,5.279754848,7.381583615,7.650334692,7.355987967,4.893771958,4.337218005,4.310675379,3.414781686,2.73648939,3.489850918,4.316617264,4.125635383,Normal
