"ID","X1553102_a_at","X1555136_at","X1555137_a_at","X201417_at","X202267_at","X202286_s_at","X202504_at","X202935_s_at","X203476_at","X203510_at","X203757_s_at","X204320_at","X204351_at","X204602_at","X204713_s_at","X205941_s_at","X209016_s_at","X211719_x_at","X212354_at","X212444_at","X212464_s_at","X216442_x_at","X218856_at","X219901_at","X226237_at","X227051_at","X228923_at","X229479_at","X230831_at","X241137_at","X242397_at"
"GSM388076.CEL.gz",1.01311218122065,-0.740019033955203,-0.0142348622700669,-0.92756887094054,-1.465741049209,-2.38830703754844,-1.29147712513117,-4.19758541720594,-1.31290340371365,-1.49880775466844,-1.77754354617877,-1.25804804635422,-0.939464265847284,-0.623761070186775,-1.57482740612454,-1.51912846995361,-2.03559929036898,-1.24902381739604,-1.54511939922044,-1.80318885432386,-1.22362665081226,-1.24630700948153,0.137069487349817,-0.181334704564471,-1.73281806190779,0.0550841457774171,-1.04154910964625,-1.09637191145323,-0.541691139044849,-1.03046472122648,-1.12609241593546
"GSM388077.CEL.gz",1.00450295699677,-0.602718285430949,0.014568100908491,-0.937231966602686,-1.12526123519982,-2.36365779898875,-1.53464126919728,-3.81444161776562,-1.38122786921177,-1.30823431649165,-1.78885609255559,-1.47733320806408,-0.908786673758024,-0.223637880327318,-1.44984695896878,-1.5563766722581,-1.83205820748663,-1.28696567163832,-1.63232478816488,-1.92031812142492,-1.23271659969648,-1.25856731702011,0.0607293671227732,-0.174320423124698,-1.59971408397348,0.389312686765199,-1.15252696646813,-1.15613252181764,-0.877038211053415,-0.993014683538788,-1.1369054949918
"GSM388078.CEL.gz",1.11645979187527,-1.54647226169221,-0.893895840324268,-1.83988941897099,-0.750032763017327,-0.646165315534812,-0.829623941706959,0.168842394019933,-1.95220654181513,-1.38636851422213,-1.2393234849728,-1.2321826718864,-1.58137485645118,-1.08195883920481,-0.897163505130922,-1.25657022679015,-1.21040729134793,-2.04201618796877,-1.86822818541255,-1.75029417030698,-1.98764280080931,-1.98070139184731,-1.65278811540205,-1.20257990808985,-1.90742200199721,-1.47241499693132,-0.568327708095979,-1.04239407453053,-0.633322931506414,-0.929350024179872,-1.36566824300795
"GSM388079.CEL.gz",1.0642937595035,-1.11112376545471,-1.10138661512938,-1.76665464033,-0.83731948804311,-0.59859320590656,-0.916492749435141,-0.0675351177359084,-1.74304275078853,-1.26262296870904,-1.38137198229709,-1.2629870793721,-1.31638860475791,-1.08324984062608,-0.736427747577913,-1.21933769197749,-1.11301016144362,-2.16911960966271,-1.7647115152081,-1.51723779547011,-2.20656086725055,-2.02275470134325,-1.86741875174803,-1.01558942211676,-1.78059893414641,-1.29873854587887,-1.0312323548473,-0.948072121843277,-0.854004754374915,-0.98020663035632,-0.88753907845696
"GSM388080.CEL.gz",0.533443859913217,-1.15785841766824,-0.867362131139226,-1.60019430995125,-0.946527727936272,-0.671835772246299,-0.689115245028973,-0.148772076429377,-1.64362617237624,-1.39899442879638,-0.719556586318898,-1.12808933193651,-0.977592429398977,-0.963509329536941,-0.706489458868905,-1.07882805347773,-1.08332289025171,-2.42606993520683,-1.95926580899994,-1.74300851603629,-2.22105123473354,-2.40862777813907,-2.08339813412936,-1.24801246131579,-1.66841419196509,-1.48755484291656,-0.684245391337805,-1.0226823646691,-0.941020114536081,-0.914094909862881,-1.56542643541381
"GSM388082.CEL.gz",0.907479831534743,-1.32758705164711,-1.19450047559345,-1.38673737362401,-0.787573063336336,-0.378597189089462,-0.730671401095148,-0.165091218247291,-1.97700932378766,-1.21376831419126,-1.36466407979923,-1.48565754283473,-1.47455198727874,-1.17400578761133,-0.839077459898393,-1.1217686558979,-1.09707935626006,-2.29872402314059,-2.04512038216775,-1.09617324146491,-2.25849158125701,-2.34494209543713,-2.14811829885181,-0.851092964131714,-1.7550129211229,-1.41867379779035,-0.959238922703875,-0.853135060904626,-0.823924705926114,-0.860304482109342,-0.847094419048833
"GSM388083.CEL.gz",1.1064046382908,-0.963172814357217,-1.17090998528373,-1.54921357550003,-0.956729562682365,-2.19288494986396,-1.24155406617077,-3.17487085414075,-0.685997903718019,-1.09680958219226,-1.42434386894053,-1.47663960201688,-0.949870809941648,-0.933969771971743,-0.728906503798335,-1.53371323028855,-2.02085917475396,-0.838007874505066,-1.08214816118909,-1.35706351297777,-0.889544227070767,-0.946698834494464,-0.279453764456062,-1.26429652883514,-1.70331721165948,0.514798333574025,-1.13945707549707,-1.37515103909514,-0.747460180226515,-0.830742880554013,-1.03556955783124
"GSM388085.CEL.gz",0.694290502199393,-0.188052451547989,0.336008115482561,-0.094080380001464,0.656330363485608,0.360622567321043,0.504439882838635,-1.04335853425872,0.338686853505106,-0.0370026336183494,0.224658090637233,0.206009278186865,0.0518681699389786,0.726175958218872,-0.441153730935978,0.453527321125455,0.197078678131919,0.732460910637893,0.524594687967354,-0.0409780852136573,0.805562157786904,0.75991599415766,-0.383233411346857,0.230949575822098,0.61113512988821,-0.432061642369176,-0.322554417839155,0.966639034752113,0.292652819796677,-0.313416167941025,2.77067433335852
"GSM388086.CEL.gz",1.77359766644507,-1.61226848307106,-1.09116029100448,-1.55576637848091,-1.01617954824523,-3.20766817396628,-1.24979385251374,-0.885079893370501,-0.978369236531859,-1.0429071144748,-0.675027913376105,-1.54000894686998,-0.658624830372468,-1.03098282124782,-0.634654171782567,-1.67659378654777,-1.71348843697437,0.227267386955857,-0.332299433478122,-0.707710660159746,0.209263043617593,0.250694600209027,-0.777892005681237,-1.03540777476276,-0.742869834559095,-1.96866517021273,-0.723744268881493,-1.28921490089209,-0.610131302237757,-0.910363270473844,-0.614533393148394
"GSM388088.CEL.gz",0.0227646793125226,-1.87408417896283,-1.5652861703766,-1.37366346217507,-0.924804639916012,-2.6111300535039,-1.02290887477669,0.366765389427059,-1.49540691818198,-0.380449853573469,-0.206524301656724,-1.2616171804401,-0.682687912642625,-0.892483125107282,-0.635107367500729,-1.72201165595599,-1.61280728404831,-0.90860358685911,-0.798957988790686,0.120112421100462,-0.911475381074974,-0.95092811649929,-0.636141295192008,-1.73223162776248,-1.62080100717426,-1.14247401997687,0.522397095571111,-1.16427685750513,-1.1409198614319,-0.821461901574668,-0.656327087538335
"GSM388090.CEL.gz",0.994478212563898,-1.05446209504217,-0.692590030450034,-0.711211204525353,-0.915148284865489,-0.0472203137619297,-1.07190234994349,-0.470837647818101,-1.25430027539975,-0.955796769774091,-1.62617155685065,-1.47825242459468,-0.797803796508539,-1.16516805982138,-0.941113709612003,-1.41013495940049,-0.708873077464479,-0.860573893017496,-0.995929859793753,-1.00132336202335,-0.975086911796149,-0.986986484838538,-0.854946922185975,-0.646500629104742,-0.717001553104473,-1.08173386128551,-1.12256799087951,-1.11916187504155,-1.12893847058792,-1.21600217429433,-1.23732957338505
"GSM388091.CEL.gz",0.58189759974231,-1.30598779390089,-0.422471493428002,-0.0126630534788323,-0.976564672696566,-1.35639474258407,-0.769645254048732,-1.00099637523129,0.781426040903215,-0.65123280330444,-0.364918371964623,-0.599186769603399,-0.339604173513696,-1.22577659616736,-1.52535177836962,-0.418418154174903,-1.8352288701681,-0.0879150590099959,0.0738667038498583,-0.215742975735415,-0.12382968840525,-0.0974883363455784,-0.672718532747146,-0.785731109202537,0.437463327814665,0.066402265658976,-0.658998407942926,-1.37730514529239,-0.732997620942296,-1.16499753968958,-0.250122637782568
"GSM388092.CEL.gz",0.635561558802584,-1.27982394092838,-1.59121586470964,-1.06492561002877,-1.14053411605088,-0.339953801595833,-0.844875521880315,0.157673647716914,-1.53566749391504,-1.22605648242795,-0.573544014660434,-1.4619328370572,-1.40458187100053,-0.946245268501138,-0.618423011935254,-1.26535405558068,-1.31063124639994,-1.35436396023664,-1.7627062884814,-1.57452471099857,-1.35683896769549,-1.34160149853377,-0.82176912605782,-0.698810463674572,-1.21504503267708,-0.692459645776101,-0.901912076826415,-1.2008733334274,-0.790464436742614,-1.07832154215805,-1.09821579595695
"GSM388093.CEL.gz",0.456816850544759,-1.31611766934022,-0.658276441947412,-0.836895684518144,-0.781395037378975,-0.595707896375086,-1.04239503731917,0.0385728443603631,-1.0930200674285,-1.13398906210801,-1.10363784660528,-1.2604387558217,-1.36111402079016,-0.994799277765422,-1.023729048673,-0.796211049993043,-0.797231503896099,-1.06802144742824,-1.36332428023934,-1.23622635392144,-1.04177093512282,-1.13808744808718,-1.22006483213546,-0.659681429146057,-0.667225786098611,-0.959198859304276,-0.952062931442626,-1.10081357517745,-1.01906439039263,-0.819755684073576,-0.124497939093767
"GSM388095.CEL.gz",0.953659112995749,-0.887630366419018,-0.411773473221353,-1.90916944817421,-0.81319622708992,-0.501813571716983,-0.938203410037926,0.18088671902326,-1.47528151122624,-1.11637791008293,-1.49667418584322,-1.17744050942082,-0.334581299197551,-0.959029050213685,-0.454967969852189,-1.04050501968786,-0.825900984388767,-1.60618943081021,-1.66160453959001,-0.994676623721021,-1.56841084758563,-1.50690719611087,-1.16555208270479,-0.860464237017019,-1.68022600377132,-1.1413181149179,-0.39319359889032,-1.05174329263508,-0.956263912879645,-0.221449261811934,-0.778794433502752
"GSM388097.CEL.gz",0.543418359657352,-1.26960618909088,-0.691057598140223,-0.60889365906196,-1.14153016234029,-1.43615589002587,-1.2527785909759,-1.85148702733092,1.30827953320552,-0.802035633081098,-1.32050431729244,-0.36231477803657,-0.627595897152632,-0.349777573400228,-1.08121130902026,-1.38396376600512,-1.84615607880136,0.219595578429804,0.025574412905907,0.759943014079453,0.148521003217924,0.248424727082117,-0.933771217651449,-1.07573129584156,0.21643764306931,0.123740300552372,0.144798977678892,-0.973791827188571,-0.960458614869928,-1.0534287135914,-0.354560052515757
"GSM388098.CEL.gz",0.90068745756663,-0.956195420820453,-1.26932232362205,-0.951989598189839,-0.924541686344588,-0.628475512383301,-0.874466959020897,0.179643795357998,-1.80801681287047,-1.34946885736451,-1.30981659419705,-1.54422611388309,-1.64407550282427,-1.04889206451169,-1.03348241454186,-1.39697516131364,-1.17249825897069,-2.29459292390969,-1.84973640912768,-1.66986226589103,-2.20837575478632,-2.22782057948753,-1.59008138391488,-0.840703940534107,-1.54505722738027,-0.992980112914263,-1.36557843186523,-0.872416322320152,-0.605715651651103,-0.920553410689139,-0.92072393119167
"GSM388099.CEL.gz",0.00231988769475125,-0.83477048894056,-0.342684712604366,-0.152364591270701,-0.681711990584171,-0.339847987634108,-1.06549488889028,0.813018355026365,-0.388820687075024,-0.859588660117618,-0.879168776129019,-0.485070486303465,-1.75348072851485,-0.924242051026174,-1.11541910065859,0.0771358646528236,-0.655488633977199,-0.241914215333607,-0.43912305665518,-1.25679428644913,-0.404551249909686,-0.297561746823416,-0.593733483219239,-0.446554293247782,0.256575082830716,-0.100695690136214,-0.763459520007396,-0.382133856377665,-0.774407302286319,-0.880263973005808,0.0197222246017832
"GSM388100.CEL.gz",0.386488234447091,-1.07340805685034,-0.873095372729244,-0.894861531719268,-0.628361127122748,-0.240768647048654,-0.809210439538165,-0.350114564680907,-1.58628311051749,-1.24188096092984,-0.89416833825051,-1.28380174616422,-1.33508105231906,-1.1268141728182,-1.22456144411251,-1.16135087439251,-0.887127299867509,-1.78786349641173,-1.79622849148577,-1.75556052317771,-1.82316591703919,-1.83865680437604,-1.3797899984618,-0.738749566116977,-1.65283262913826,-1.22369298359422,-1.24055537389024,-1.30189206064206,-0.753121675866473,-0.885127969028511,-0.970516475427524
"GSM388101.CEL.gz",0.683996395672946,-1.21913957908509,-0.680376192444069,-1.50916283345799,-0.933447632030932,0.0872071751673824,-0.759382325186319,-0.261336786255586,-1.57359374315266,-1.01420050411601,-0.96501313971468,-1.23515042894365,-1.16072530542104,-0.860618612351688,-0.488995389344749,-1.21848545382719,-0.911776522481045,-1.95547512203569,-1.76540013811314,-1.26784249312757,-1.9513805849673,-1.89476484171699,-1.78998584316343,-0.851834891181588,-1.64945036246593,-1.05977540151496,-0.990552500144245,-1.16043610686438,-1.18755467608027,-0.920826194368777,-0.876027636696442
"GSM388102.CEL.gz",0.803150066813375,-0.290284230278252,-0.458087745525734,-0.343346158813035,-0.922680789364256,-0.0149986655979357,-1.0596785703345,0.711201681113153,-1.03853345109198,-0.795403238482366,-0.966331107183876,-1.27500075924856,-1.57289301291058,-0.942625926732054,-1.09941990961956,-1.49901102599289,-0.838839843157333,-1.55343813446427,-1.56068224872423,-1.52829361585158,-1.54526711455035,-1.52403598481281,-0.710967244951811,-0.448077235129986,-1.28521534930351,-0.984394094724966,-1.17470831700527,-1.18468565789963,-0.719703255576715,-0.982397560045743,-1.04964098925186
"GSM388103.CEL.gz",0.907286777668879,-0.830378277384177,-0.439963408747757,-0.900102460560597,-0.807722151853392,-0.115205269078164,-0.967119926972341,0.134862520006096,-1.26316256700083,-1.01642646336527,-1.35643529635449,-1.07845299195076,-1.67574534197553,-1.15138693959318,-1.09855174937508,-1.15467498891617,-0.999295624888594,-1.75108872664123,-1.55398378503075,-1.48036377707853,-1.70505892880557,-1.78393243627017,-0.595421771380455,-0.47922729978846,-1.53082937070607,-1.09075941594273,-1.02658382198374,-1.15588190766315,-1.10674458381617,-0.822698915949919,-0.511786819459751
"GSM388105.CEL.gz",-0.415385614447939,0.331296374741218,1.47670490896252,1.03680745613711,0.421286659426221,0.689269841783603,-1.27151505848483,0.922991558301389,0.384041843686568,-0.324016523423809,-0.690226560105327,0.581053347041453,-1.25300355530096,-1.2570105853857,-1.01390226857674,0.755800012557431,0.544854948485218,0.92410342559588,0.967746706802788,-0.843834264358745,0.925386311627466,0.946327775181049,0.138267506586901,1.13419306512769,0.737275442246738,1.10252872949868,-1.05650096841015,1.1722369352075,0.677807507057981,-0.935532599732969,1.60373152889504
"GSM388106.CEL.gz",0.236255915700325,-1.35313829271824,-1.5277876081889,-1.05880016281431,-1.26877846060745,-1.73541256751699,-1.17583282863907,-0.19417613072046,-1.59801904759426,-0.849668763491112,-0.254858267600285,-1.31442112316013,-0.817647787152751,-0.772829165838916,-1.04762128249208,-1.52781237972065,-1.50749410343153,-1.40374277069458,-1.17919613392726,-0.395525166018324,-1.36667976716077,-1.35707077002917,-1.50697026683533,-1.82170181589115,-1.90101953918156,-2.01902570446367,-0.75090083190553,-1.35012351829799,-0.877038211053415,-0.89076225729063,-0.957225781894914
"GSM388108.CEL.gz",0.768081836640699,-1.17958686122211,-0.752880843119986,-1.39185707730218,-0.76948010598355,-0.240960049040545,-0.864022714345973,-0.542059796997004,-1.23383313283268,-0.811824887578167,-1.18860694792724,-1.34081987502876,-1.14462881973582,-1.08307316098737,-0.837474450257407,-1.16400417530704,-1.2232305659318,-1.73691861943679,-1.59231294823634,-1.6091381993013,-1.57825429506753,-1.65565159078241,-1.35865846821841,-0.845649185831924,-1.67239346663064,-1.16412568452352,-0.997418721390266,-1.05670091904567,-0.891375265239807,-0.576456541117205,-0.881325363730324
"GSM388109.CEL.gz",0.853178811949544,-0.963450073469495,-0.56160146353074,-1.21476255934868,-0.646842507359976,-0.156060504494373,-0.80573114699431,-0.488002228488253,-1.14281189217068,-0.640075012014489,-0.955288304288864,-1.1186976186773,-0.434124516215238,-0.799503987477986,-0.676326681637395,-1.21732075579722,-0.618066113105618,-1.96987372676539,-1.71168003405193,-1.18514392923248,-1.77209546748337,-1.70735564763153,-1.03261160965893,-0.512366443390072,-1.80729261101266,-1.07472519493725,-0.850794429668802,-0.904758969911575,-0.65015186025911,-0.743973730685703,-0.788776908904259
"GSM388111.CEL.gz",-0.258037991119684,-1.33238146603298,-1.53748708835064,-4.21883391014319,-0.812970290359843,-2.37660252395892,-1.03111085657918,-1.92464039350145,-1.94231195713027,-1.86998081191607,-1.60588834551104,-1.06348641215995,-0.861872994708222,-0.595036200012901,-0.672635698126687,-0.509296493684115,-0.476365464856087,-1.57133462632575,-1.39525090039826,-1.68922223185096,-1.62767633399514,-1.54098241040566,-1.73299944339849,-2.64510865034101,-1.26529976628361,-2.79309616139841,-0.582515120647666,-0.621789635727926,-0.693357716295815,-0.589622695072813,-0.469746378820611
"GSM388112.CEL.gz",0.480292083047852,-1.05196153217585,-0.658276441947412,-1.73681078561607,-0.914758319590405,-0.402597506116759,-0.996203059717811,-0.34651886810183,-1.86885208873414,-1.11499583812981,-1.43435656536422,-1.33317019082107,-1.17121454273617,-1.36785712691219,-0.904663270547127,-1.02172983101817,-0.81346914247922,-2.04627867328951,-1.69050663374691,-1.26460364008908,-1.81664714145814,-2.02047620211812,-1.48345720050943,-0.424055390766539,-1.42347251671349,-1.28260887322161,-0.829852845080544,-1.2170906840876,-0.866012816171738,-0.963284897268304,-1.14391418749446
"GSM388113.CEL.gz",0.541347860240395,-0.909366392486875,-1.03620660904242,-1.3303319143768,-0.392413839568101,-0.0981318750770006,-0.59840100473022,-0.318916567564377,-1.19521092954079,-0.951689473218358,-0.449117058918318,-0.906183698683041,0.0977066147854102,-0.873174876115434,-0.55474484414933,-0.864781064603611,-0.595944531534498,-1.08603287705327,-1.19638670719041,-0.728459265229719,-1.13991931888354,-0.995917917342136,-0.95805827307882,-0.461999321404399,-1.13717257640416,-1.13567689080648,-0.8020465935922,-1.13765440276061,-0.731096474821327,-0.516920457825966,-0.644120730681794
"GSM388114.CEL.gz",1.49291153182087,-1.2693574279978,-0.772495173324159,-1.62850393744934,-0.728238690847116,-2.86659854310099,-1.30560932907732,-3.26547526411982,-1.09883633888987,-0.922757614654084,-1.78131609607184,-1.42659793611327,-1.36534487715631,-1.08939348768744,-1.01821310363613,-1.49790449844343,-1.92948781469762,-1.46142182723468,-1.20758943518786,-1.6167809500802,-1.47186017137902,-1.53465338165177,-0.893493368400678,-0.753314540596437,-1.65238142730015,0.243987065723315,-1.00107990132961,-1.12104392461281,-1.19049215196061,-1.06036045442303,-1.14137823061796
"GSM388115.CEL.gz",-0.0920433508278151,0.0285537443965771,0.797432817274137,0.130170778299716,2.40443031819084,0.817845697835522,1.05919033541471,-0.691248689364453,0.985192658357336,0.541196128105696,-1.34217549873265,0.716233857034342,0.100219635638655,0.532202098300932,-1.1597464032904,0.524640779419489,0.00768654942714768,0.829060505809782,0.785266093333912,0.0152532453665782,0.972481079248859,0.873386207006962,1.31808876574877,0.915746479588068,0.271540535129568,-0.648320124609004,0.0268287162325289,0.783886320597299,-0.524765354024257,-1.14193494021724,0.936348539354228
"GSM388116.CEL.gz",0.0615284592045464,0.162125527158307,1.61925895385354,-0.0025413098283186,2.32993539233306,0.836783647808817,0.930320619199862,-0.611590062876729,1.15124441682312,0.601299196783163,-1.20750849365363,0.805225373139576,0.0282055631012982,0.787199390668607,-1.31724157948974,0.384023444223983,0.263768591137283,0.846900116504457,0.841095105560879,0.0664974088100137,0.981380730885974,0.894231082641943,1.29867560273479,1.11797663643119,0.386812789476325,-0.0351750415469827,-0.125817083498526,0.896958612646373,-0.514530468101343,-1.06885275372614,1.0001619816005
"GSM388117.CEL.gz",-0.705895754990379,0.216770771442434,1.52612972047464,1.06768823101893,1.0442788132663,1.08645216417964,-0.169383542013702,1.07619482419769,0.98164919848755,0.278323478451645,1.15963218906071,0.845233476474808,1.17874193298003,-0.33235319348727,1.91056646938249,1.27590462958554,0.389321554350315,0.915537849286716,1.12896593306742,0.229616956959809,0.877893668854256,0.971158724846476,1.02602193076402,1.19065784648304,0.854919415383106,1.84233633088695,0.930965546179332,1.50224329106054,0.617413708255183,0.137459832778348,0.649914395898428
"GSM388119.CEL.gz",-1.26955971300651,1.22003858060196,1.70155349143916,1.15967040728282,1.20225526894007,0.301077191507447,0.890879836795259,1.24983575662824,0.257178853521038,0.51069455197637,1.11872960037426,0.380218899471786,0.759070136041401,1.5384533852359,0.362530120789265,1.01029227944426,0.746699837940915,0.767401759977364,0.866682901062352,0.636729161327988,0.755344101546036,0.803331676114045,0.864276965406195,1.64917971127122,0.584124825371237,1.03601583296051,0.415895962616555,1.06851241005052,1.14887923133577,-0.607410588409519,1.99242589607677
"GSM388120.CEL.gz",-0.668170742756119,0.949612235873279,1.78892133494723,0.489808649149586,1.30568418818657,0.209318136300455,0.822018323171952,1.10302771558942,0.286639515398167,0.558392116026516,1.12661296072778,0.501462000277015,0.79494955810835,1.50098775035032,0.174090723163202,0.863954112235981,0.680390803129085,0.801476586192872,0.867479722968594,0.84928842383576,0.871017765330793,0.866290471361601,0.938345465329355,1.74773037922453,0.566131945231915,1.10126779050828,0.450408971712868,1.10963681499876,1.50518047274991,-0.475424842024085,1.78695189989823
"GSM388122.CEL.gz",0.114772628234039,-0.985524622512106,-0.292927999902044,-0.561802729558892,-0.358543761391891,-0.305204304365689,-0.604210807034758,-1.10761894270044,0.310202222678114,-0.838228438310754,0.0891854933459581,-0.347386157221196,-1.02805256792612,0.210395566936593,-0.60383875533488,-0.150816055509786,-0.594569497954241,0.503464843087736,0.576259740547184,0.465144493491215,0.520868494330957,0.497602485302089,-0.00809554926907067,-0.404364209638122,0.958731122669766,0.1895588465344,0.153982998814933,0.199674595350496,-0.277983369119206,-0.982841184910005,-0.0444372215967213
"GSM388123.CEL.gz",0.42883658013296,-1.03628791062564,-0.530194961018887,-0.646530824315479,-0.471567860780284,-0.187619987211039,-0.954512835827489,-0.0595453749763684,-0.159185484401563,-0.852943579780916,-1.64437023959049,-0.822426677807017,-0.468952729163072,-0.506065496924003,-0.562992080052298,-1.04523161718826,-0.471549298258685,0.680355215073702,0.34045683075437,0.00608210762806723,0.640289340400769,0.679268662752269,-0.692255759771565,-0.873358378694442,0.45691716927355,0.615062584085524,-0.530387092987112,-0.320869282996576,-0.513317062364791,-0.847884612076491,-0.303933484959247
"GSM388124.CEL.gz",0.769038141053296,-0.820786568425047,0.178300679276416,-0.383460541084962,0.217727014500975,0.318350239066506,0.524617153634981,-0.767237928058753,-0.508004102497487,0.000245431339300025,0.345092538935909,-0.664119025134814,0.366264892230531,0.572379501062855,-0.345479751086127,-0.228778395458307,-0.321423639090781,0.0369173371998293,-0.0744264727483828,-0.053542059259928,0.016001969126882,0.0431974647254775,-0.334639803538513,0.01929364809635,-0.330851218478327,0.429442329976077,-0.384857185850593,-0.233978484577683,-0.243778023506751,0.0507437411705954,1.83968775562261
"GSM388126.CEL.gz",-0.657543036716644,0.0733893722648786,0.80531750319473,0.594869355926038,1.46214938996206,0.53127528950154,0.573148979596129,0.710061293654601,0.202864668910506,0.739804311999176,-0.02934180343059,0.446725005618554,0.838528350958104,0.910521853424015,-0.399004892907159,0.367545385467876,0.460327044655326,0.745337432597209,0.856137958089694,0.390775916199037,0.829971725950148,0.827692229204575,-0.0434373728478443,1.00134292827089,0.234736836044716,-0.613337058080181,0.163437404240791,0.225259509280025,0.745913184045886,-0.116517124862416,1.13021879787151
"GSM388127.CEL.gz",-0.657040607061737,-0.69772495570253,0.283566371478433,0.692961593144189,0.441960392547525,0.841625963676154,-0.918638740454526,0.760767067877928,0.693813951056306,-0.00134644861675092,0.0738512005623193,-0.311052850061565,-1.39695323906098,-0.817985088541863,-0.564820690517282,0.999987927835214,0.429194232448775,0.599834193487534,0.896292437147363,-0.382372600366002,0.605778823753009,0.591930424728224,0.327485077138141,0.542397507063817,0.802549639546433,0.692679761748647,-0.423121056770116,0.360608568895599,-0.12591786418855,-0.893253614212346,1.8114722522304
"GSM388128.CEL.gz",-0.300796116823601,-1.15144660385926,-0.447519298488381,-0.605699227520084,-1.08841939590863,-1.24645415048066,-0.854260563449698,-1.4379329207845,0.359055705793249,-1.3931237189533,0.0130309382746363,-0.731184034664252,-0.14199089503357,0.35350050896356,1.53085298114014,-0.333011650293458,-1.59025470887975,0.0788018695642696,0.171086152057292,-0.13101049709782,0.0675851069468119,0.101481389464131,-0.39613695564797,-0.160157517293986,0.897382022812209,-0.629049830075474,-0.529349439527771,-0.97097480593682,-0.669911114679881,-0.80625608761698,-0.78020626144431
"GSM388129.CEL.gz",-1.11745099380466,0.264303574062562,1.18065934050342,0.596381414366972,1.9833096226628,0.68141766369236,-0.844529018317381,1.36603917248403,0.743690427212803,0.262572831423289,-0.727056285803428,0.949036020569723,0.632991129142282,1.03667214110043,-0.573186321716539,1.0783355822226,1.10996947311974,0.851132536050943,0.901540401897153,0.85723689415012,0.957307240550486,0.989431283248996,1.87395649339855,1.18950833343362,0.778368012004994,0.0758548993385927,0.237648604797364,1.5537398727339,1.05105689789808,-0.937030558035047,-0.30741856200006
"GSM388130.CEL.gz",0.595776399785299,-0.72964903897475,-0.534272049783077,-0.0950199603434706,-0.95223495143364,-0.94135713829368,-0.501499234293016,-0.776025356483135,0.113788963094834,-0.556980558433451,-0.531126709883193,-0.70291170945286,-0.570894869394375,-1.27950566383554,-1.31082940664237,-0.0935351875288469,-1.03628487399826,-0.0142892416571319,0.0485498584818353,-0.1485227249395,-0.00683193928865049,-0.0365016337230002,-0.541542364187091,-0.00823896300992917,0.623810024316129,-0.0658027233856854,-0.565435231626063,-1.02965700888363,-0.446203086552184,-0.991531603510154,-0.422987551407717
"GSM388131.CEL.gz",-0.326354918019014,-0.828653529120647,0.18937282819972,-0.119789887892517,0.21389407388389,0.425089805310251,-0.511754205737452,0.299929022751383,0.463022048607451,-0.386903855421843,0.287333995507041,0.166400399852461,-0.380678219340901,-1.04469033628372,-0.134514417862276,0.837709168801978,0.192739556833641,0.573203320861693,0.80197273318743,-0.625487443021714,0.557941261025575,0.632582618301555,0.412076537879088,0.144497660214024,0.835969647132495,0.828066428335514,-0.920002251314523,0.634095000991149,-0.331813012894217,-0.700237245101708,1.14036362476175
"GSM388132.CEL.gz",-0.912794262172418,-0.383764143890453,0.860173489139505,-0.0819944093529663,0.77545518718179,0.645904751674041,-0.535109109038131,1.16823204082282,0.273527755344737,0.707219173431111,0.00146836641118034,-0.044328677361452,0.654226208164986,0.543155786278398,-0.247332622028541,0.844502642028775,0.483928737274796,0.448946521196888,0.600658872996664,0.255427583801542,0.430405437857594,0.463170127327597,1.02706354211566,1.01216004706607,0.514645118098941,0.678325808902524,0.0107135652146204,-0.41459825417989,-0.278341171882807,-0.816755705460549,1.1906072789235
"GSM388134.CEL.gz",-0.201720102471328,-0.738777149604491,-0.217653391146733,-0.12547257942796,-0.405186396237891,0.337112573091567,-0.920144849413323,0.89914225060042,-0.0884383499303824,-0.854578277797286,-0.812049961712674,0.172846805153788,-0.853474844544468,-0.76057712211575,-0.644173501033531,0.587297068183981,-0.0937032877851592,0.267023852679782,0.290789836249155,-1.02652691179626,0.239050652919017,0.249861090855491,0.394606704429016,-0.645073595452928,0.66031943337855,0.302327054560162,-1.07642355919314,-0.139062978879201,-0.622259610431703,-0.899215509857333,1.02055145847035
"GSM388135.CEL.gz",-1.07553037824372,-0.166982556410167,0.396691237668939,-0.0762120088443258,0.280508570260129,0.479444744109527,0.485918309974157,0.68171995207012,0.271149150883491,0.0728929242421804,1.05761076418301,-0.238180545319792,0.900410364766913,0.504518140053287,0.624675237105754,0.95393204801563,0.403455131268913,0.403268237476232,0.517479009596633,0.372393956867813,0.341518051401545,0.348107644135506,0.746598520570351,0.358383979296698,0.593966690930149,1.44443388390451,0.541153147855486,0.074870433565991,0.155297521421717,0.391146378719856,0.258864386086804
"GSM388136.CEL.gz",0.475532370141722,0.346661512384595,0.305473519446599,0.535035744158267,0.638302090941489,0.569812223713826,-0.95844809104259,0.538182908186928,1.01144866785221,-0.372149960732289,-0.186747176939546,0.95657118076583,-0.698965303708639,-0.139148280369908,-0.981161309983258,1.06094817513771,0.763627144107467,0.920543001181838,1.1252882047326,-0.176177970691533,0.994628865351508,1.0378147539389,-0.0559647485382469,0.518732926215718,1.15382347980063,0.974724186280089,-0.670181074730866,1.44518522039004,0.8081140577233,-0.627177494852744,1.35995407340297
"GSM388138.CEL.gz",-1.28873280320991,0.439219867972941,1.98313385667851,0.760679195634374,2.00990701706419,0.82596288047345,0.497474552142959,0.779834734009971,1.67260246535138,1.16008087774554,0.774303575262747,1.11623779606378,0.871975204850238,1.59811005538224,-1.09229266196949,0.930529138833419,0.96528129851574,0.905649114284839,1.0092232645216,0.6046063224359,1.10694604868672,1.00963026546751,1.39247481083893,1.62434867654552,0.817382030084506,0.423449682506884,0.547083888565068,1.8711052626559,2.94037015113295,-0.526625389654929,-0.200847968405128
"GSM388139.CEL.gz",-0.765897612153474,-0.393435671651313,0.455693360821377,0.235978822265581,0.532956376939658,0.448897845699861,0.834093623793582,1.03086488316926,1.21299307499084,0.953176322559353,1.22284945945897,0.351397845124059,0.97959532300231,1.38765102837626,1.16970321728957,1.13816043975564,0.493866922830194,0.634699829671547,0.836568176077159,1.16191962052505,0.624579567169442,0.70091664020867,0.799447642262345,0.343993134530946,0.686519223914216,0.788369775950839,0.726866296794633,0.546560310389445,1.2506059954413,0.716967370841394,1.32072708553413
"GSM388140.CEL.gz",-0.0813791961779192,-1.06333580000537,-0.0801071386065795,-0.253686656165565,0.0808897473118567,0.453720931479468,-0.162070899209644,0.698147332771339,0.0798976547092946,0.169417794509694,0.999275764242205,-0.0526498912768455,0.693924777478679,-0.465422366742354,1.77448627244724,0.284778950390358,-0.0405186779549015,0.224324083764302,0.266218144290344,0.228472202265554,0.202338965395806,0.220125980322065,0.390758639643442,-0.114091241175535,0.256460912549463,1.02460216582931,-0.220366643618042,-0.435166904175821,-0.214226709051735,-0.0339856302895877,0.0640421412353584
"GSM388142.CEL.gz",-1.1110413712997,1.95056796816246,2.01843225313707,0.615119549288302,1.14546889962263,1.26637507637478,1.23419477826509,1.19756757821633,0.575392534677388,1.09657113738952,1.05271589069563,0.914756469750812,0.83821608956662,1.35838862807678,0.315065091703519,0.896604898445625,1.19307605612468,0.834075227304528,1.00864277417659,0.918966263860417,0.835013694395372,0.855118118762619,1.89186927184434,1.96945563644659,0.774535652553078,0.83123777889878,0.286761230733697,0.645681158813909,0.51240552450647,0.913016559206131,1.00935673590907
"GSM388143.CEL.gz",-1.36759310470573,-0.643995269546715,0.482420821215116,0.225734514606078,1.08762137302022,1.02769719143096,1.49133779248874,1.43888471829251,0.421758667085634,0.510097618545094,0.631573495115099,0.68709941774563,1.25695765531484,-0.151954380840964,1.27128385030221,1.23739970174637,0.447924030774812,0.697392317913086,0.811237433577685,0.650826754096281,0.685466865940554,0.732046220506727,0.544256602491437,0.508026316681552,0.770816582491703,1.15689117575303,1.06343055550916,0.582754861772358,1.31260951003864,1.39072815699672,2.0259788908194
"GSM388144.CEL.gz",-1.69079832491606,1.83047123816713,0.965131863949826,0.576982830711162,1.36150613075683,0.765093209114623,0.675892117367407,1.60723509569132,1.04193027171033,0.585632454658567,1.0766580245165,1.63610127636654,0.986036431364518,1.03029165541702,0.428880196668293,1.45069304101853,1.04538429235064,0.971597671619472,0.98735959252156,0.91654942527455,1.11118580211448,1.02103875743988,1.37806191264448,1.40375176603154,1.32377059562521,0.292290335627819,1.33597566940668,1.28274194538092,0.573650965196836,0.350211680045276,0.714208386209162
"GSM388145.CEL.gz",0.153085651423984,-1.0547185584096,-0.275634613279593,-0.279940955078615,-0.312802188168363,0.317123927080155,0.0200138208672587,0.486623024458969,-0.296001748532194,-0.581854756400315,-0.397081898821418,-0.0992308482062375,-0.680323621812018,-0.75476829589888,-0.695805367542835,0.229500556256861,-0.414570939100665,0.339993926808674,0.354822430996849,-0.742142841811623,0.327720570304141,0.329332211236922,-0.237777733903985,-0.422984719609034,0.249999169292934,0.0179605523792394,-0.948298371242486,-0.209546254852695,-0.750233559481605,-0.53957016732154,0.814239976500057
"GSM388146.CEL.gz",-1.3787226869351,0.443455638834905,1.02699021668087,0.328072978284102,0.243647991029452,-0.239441528599264,0.557744305072495,0.905684855733287,0.61024106691447,0.568079217467959,1.09683266154593,0.788353462802543,1.02625711243532,-0.514538423544508,1.37836119942988,1.40712140723432,0.275022115339617,0.679078545352365,0.801057768397892,0.778783309239629,0.667134087702811,0.715753053373415,0.616368087750976,0.920307479719,0.910845565411571,1.96426602569381,2.13677032878903,0.522341735158358,-0.590699498963749,0.941713633919922,1.14898638704899
"GSM388147.CEL.gz",-0.021248625962968,1.17504550248902,1.54301643448338,0.370122086527567,0.943599339925109,0.685510056637431,-0.428053124319629,1.04473425202078,0.343697471411848,0.301467852961033,0.440404260622064,0.476156434062385,0.497307371540271,-0.34406022786527,1.48081660983303,0.739507354578709,0.160989513776629,0.607624098873257,0.782312892797489,0.368391377986263,0.589208827662927,0.641917453563847,0.597174077033807,1.4412849331166,0.724511095445016,0.676930751737562,0.890431440481161,0.545386781496891,-0.0671732598202505,-0.094357301643854,1.64686755210711
"GSM388149.CEL.gz",0.266129395279221,-0.80588449761256,-0.223465574124681,0.291146596361229,0.00721960416869485,0.142901488567026,0.123055217645556,0.588427675737448,0.703777721251524,-0.164197624534264,-1.21110223145424,1.47304951059823,0.984042582718136,-0.207011744613349,-0.717551000742692,1.38928946767205,0.581247790993979,1.03637686080455,1.3314025221955,0.403748805206664,1.21777409366271,1.12436131387909,0.820026372574245,-0.0954885699926174,1.21071861776067,1.14904940939959,-0.343131526438019,1.54849508252639,0.346415309579849,1.60601231306655,0.983212583321085
"GSM388152.CEL.gz",0.20957796973932,-0.229585921795555,0.849519939704125,0.407604634656113,1.23668315311934,0.581272729810701,0.126924611692339,0.274744302512235,1.02998212649621,0.529114588344361,0.676773720309402,1.09157577029394,0.0982191617326692,-0.277348421052927,-0.667495311250202,1.12437746061788,0.532843078352516,0.806132037429491,0.955195161946142,-0.0250256241502065,0.902049870556255,0.856426881740112,0.575692656840313,0.765978224768148,1.26335526844289,0.0580948895253915,0.090144945928227,1.30847824414454,0.120691564535003,-0.693567274057787,1.35027322358527
"GSM414924.cel.gz",-0.650571280279301,0.753012000768529,0.375871547804091,0.377551524072891,0.724188004822755,0.331267444508552,0.702477780254019,1.27005701717281,1.03735801644344,0.530112893148376,1.15658112299881,0.544882064956405,1.10298023433607,-0.834033216120383,1.82763498520609,0.585283516814046,0.737826535764786,0.323414877522142,0.25735957689027,0.696847447422489,0.231592488692456,0.238309893658038,1.03607651064429,0.495760378505021,0.199106424308509,0.686489962571205,1.22751356774549,0.0234987251389171,-0.0465473625670208,1.01638792813101,0.585118060720705
"GSM414925.cel.gz",0.508308883163846,1.40009992845515,1.19357459327443,1.05992347129842,1.03268944218934,1.37097866365394,1.40273274481398,0.888991913333894,1.72689419185472,1.39586438944925,1.35663431453348,1.27712510589911,1.20337882984491,-0.418744128357174,-0.175922460765722,0.905271287316274,1.30850514769057,0.809540907283999,0.611693749628173,1.01329143483472,0.803851555481959,0.818322040480767,1.02429869792318,1.07798177170486,0.640147467972675,0.380819979317619,0.658296577296048,1.18602623882218,-0.0464965327251787,1.66337499204102,0.684273204096726
"GSM414926.cel.gz",0.023808881266821,0.716545956979881,0.495988193523041,0.165475082512354,1.19846661170418,1.08266804852856,1.13169830280825,1.10803169407525,0.663190142459262,1.62691891335714,1.22352999335091,0.429918512216041,0.974599065021306,2.34957461713222,2.195520705651,-0.0164816984677205,1.25298432210467,0.0791500265735294,-0.121961247855174,1.07360376010869,-0.0215709938891872,0.0331011340964742,1.13184877049638,0.691660050305309,-0.255277294133747,0.892138048742583,1.39989323277755,0.155514220550352,1.22247852218276,0.318902863960046,-0.870177692489058
"GSM414927.cel.gz",0.935816750337499,-0.887753023801893,-1.13348023771927,-0.710362543738335,-1.61204663811409,-0.090083406673247,-1.1370272458894,0.419932189802892,-0.498367778119992,-0.616951714014944,0.253031817699154,-1.1275035043191,-0.669906070838309,-1.28731422233873,0.17563099139297,-1.22183597214679,-0.669282716156954,-0.652107790116603,-1.25175519733928,-1.48601343856012,-0.807445268703763,-0.853134870719295,-0.656742469249054,-0.924373167459936,-0.546935606671183,-0.294778968155952,-1.25451722308638,-1.35731288009755,-0.709940922342071,-0.923316073770438,-0.912142075289474
"GSM414929.cel.gz",0.301996600847119,-0.0703904379902892,0.184306419463738,0.360772735869909,-0.453341986525315,0.82319649499581,1.25394679750702,0.505999792171157,0.390799788559288,0.632809890784514,0.939206979081357,0.0792884974940486,1.50705311738503,1.9294352017824,0.643060506577654,0.0989699422795016,0.975609509106735,0.171097150110826,0.378590458046465,1.44751523389961,0.0891931587641351,0.116656943857522,0.921140134798491,0.0902753202240354,0.177353520431132,1.91463354466315,0.308116158797048,-0.726411880582116,1.31828049202494,2.37829647610679,-1.63625325258417
"GSM414930.cel.gz",0.896925288298222,-0.935482103770303,-1.83878108592163,-1.55370706794448,-1.51193863813015,-0.054928437892414,-1.21712772320549,0.33925492243921,-0.47407942871721,-0.631651716486148,-0.864909655556744,-1.42591634955438,-1.3100003260437,-0.88318725352949,-0.833777923868131,-1.91238686539656,-0.776683510231254,-1.24335030435469,-1.45326280958566,-0.785032436066767,-1.46312748702292,-1.28751441029396,-0.543335618061994,-1.78108944869183,-1.43349632287417,-0.926842921590385,-1.29673155297927,-1.42956291992335,-1.62753723475316,-0.85476142655792,-0.787126204938848
"GSM414931.cel.gz",-1.82453169567068,1.80999671834526,0.996335890388663,0.73062949724219,1.23099809240829,0.90096748440008,1.48108419617646,0.348356954862714,1.1769974082532,1.15132687405036,0.644709121953247,1.18376974742461,0.912153453284338,1.06640544946935,1.0196994630809,1.07094465683643,0.722741923282887,0.905642611470089,0.716939663944687,1.10493080642887,0.974388380356692,0.958178154052822,1.23613418852346,0.93625757761686,0.943499401799823,0.219672118696994,0.713653977466812,1.15194651236445,0.720378963549709,1.47686173600316,-0.296545790988314
"GSM414932.cel.gz",0.422281377071143,0.195445969821986,0.0830380506513819,0.688436667402942,-0.338778985565932,0.367857867629548,-1.08355454337001,0.174545865185548,0.41074701215504,-0.114753573712336,0.149855032511111,0.56359205778286,-1.04597355924556,-0.583340392707313,-0.133708178580529,0.817097215860108,0.50501150956243,0.6941809582356,0.874961068162689,-0.878340933478627,0.704814984225464,0.729592255286736,0.0309811686784792,-0.0226878353673155,0.64208858562504,0.315764926851692,-0.966896819976962,0.526525527570957,-0.504358308071315,-0.649799780144994,1.18167003698522
"GSM414933.cel.gz",-1.809735397627,0.216131484650788,-0.608150354532913,0.0738895368227976,0.693330293011015,0.734106558795934,0.560363585025046,1.17720832653577,1.04923965700251,0.914869954169242,0.0581925429104862,1.33040756940448,0.938615734791914,1.23058357993456,1.57871013492559,0.709280794342577,0.344616812608715,0.655461994040048,0.349235802949293,0.739235441261097,0.694876172201647,0.6553174349879,0.816849413454737,-0.0941736466233484,0.294079747236039,-0.100151376806736,1.68440696667096,1.45421771780813,1.04675652289292,0.153723198859081,0.157864610637905
"GSM414934.cel.gz",0.673654914163693,-1.29336009721693,-2.01484150855067,-0.516774042218651,-1.81519205181507,-1.71373128847665,-1.76947394522625,-2.55088181488078,0.634105308599809,-1.39204472536793,-1.98994240359729,0.569506058731838,-1.48294446209024,-1.10247962650491,-0.546209350617471,0.0828628205895217,-2.28269593156749,0.358131297698297,0.101976399683395,-0.938585164683071,0.30849767439911,0.301551490456441,-1.24425738863476,-2.269710342709,0.997137892503387,-0.653130616168128,-1.18572143378806,-0.411665276618749,-1.29418526175916,-0.693058959029619,-1.21987039520025
"GSM414936.cel.gz",-0.716048679283538,1.1130459520615,1.29987059137903,0.732733196297425,-0.0207146957749012,0.453488574652629,0.40433677247756,-0.0431582632827032,0.37328457730383,1.18123467305235,0.49811407629843,1.26979027709743,1.08083985230754,1.30165340223745,0.199059868196689,0.855661564792439,1.23746957718555,0.811992263308599,0.676801742724886,0.498549824064689,0.775929126519839,0.811936197323508,0.985609386350706,1.24027773223145,0.897044672635309,-0.33821012765531,0.742423485140726,1.3886207519098,1.11347051544723,0.16916732202226,0.836008018046001
"GSM414937.cel.gz",-0.0513470769035241,0.992512954834687,1.20414247975584,0.457498176234172,0.285850891262211,0.980776656057027,1.66216812148295,0.354529060434828,0.960079514283209,0.611299546435879,0.939690689711111,1.22777423824118,0.458254074978456,0.95244839739841,1.04294869426656,0.944536234216017,0.712281669061556,0.737636874245061,0.617362597306924,0.306713581788168,0.765501450679283,0.764573982630592,0.780765083768639,0.979581814061109,0.716318196589227,-0.346667401233805,-0.0872761751133714,1.16071853220064,0.549188212432804,0.614613697627265,0.700289901601737
"GSM414938.cel.gz",2.05178256294835,-1.55563712588861,-1.45647348949904,-0.95807428205406,-2.14300129920162,-3.03939660275411,-1.44816130579475,-0.581593186545044,-1.12487200046479,-0.495196585842694,-0.105315818446865,-1.65109792754933,-0.708897811338763,-1.34161440592988,-0.980303322679056,-1.97962420056885,-1.99879609588456,-0.396267703263448,-0.639673105708339,-0.431606336507202,-0.465132247561162,-0.449255257509636,-0.749215158026566,-1.35599127974523,-1.28385369639212,-1.8419389033772,-1.13151398763246,-1.58790742900844,-0.877683475594372,-0.898565205109239,-1.8910988964623
"GSM414940.cel.gz",0.698356195327374,-0.319697662110208,-1.06851070966691,-0.0786194229373242,-0.916599879542347,-0.0572968090332687,-1.30153235207668,-0.33699621429169,-0.194968238181,-0.569090291694984,-0.021349851923226,0.319439478814691,-0.593224274381528,-0.790676925231979,0.331111892817148,-0.0550142022309871,0.0406409519760881,0.260745497863617,0.0193060928159642,-0.666296289435979,0.203818476004089,0.20824474428823,-0.103644065459769,-0.891055569651794,0.275951448281005,-0.379393359704339,-0.979443722310187,0.486011301350089,-0.788170619644251,0.0354774187416816,1.21551796066425
"GSM414941.cel.gz",-0.172557185800489,0.902350378717511,0.864595440290808,0.616769833777008,0.37516398166277,0.737911591207351,1.35419742002867,0.412072148662408,0.310830445245233,0.88909399981529,1.16373680369198,0.68201393730376,0.763033868823711,0.550271872763669,2.08380399044833,0.920946332104168,0.688672440470688,0.610694971084452,0.499800309262382,1.08288645451046,0.627828817580069,0.599484997276283,0.351611317660236,0.76240580696176,0.566167970483966,0.965657087524152,1.1149707452938,0.510097660780127,1.37683628856613,0.637281665931504,1.34582170391783
"GSM414942.cel.gz",1.41968383560145,-0.565839130721631,-0.650923765477232,-1.23085535425764,-2.00674496426196,-0.4121741751496,-0.605257858770874,-0.564380149991411,-0.916573878435241,-0.907692973572766,-0.871688388740191,-1.02635615612359,-1.44178706464634,-1.20853116798519,-0.366214399251145,-1.74569182010169,-0.983317333672866,-1.20057348375135,-1.71225478947526,-0.922680917871979,-1.20193572896309,-1.24860752593486,-1.63701398385932,-0.776555167066186,-1.3887356280365,-1.44200483798188,-1.14297388008318,-1.57614817181197,-1.19969871772668,-0.983378402513396,-1.4918144448967
"GSM414943.cel.gz",0.45214327950012,1.33061163740517,0.669738225112516,1.02649533971346,0.563849572815342,0.915267907830537,1.6402479503217,0.329875432010183,0.609745129815954,1.21409048808271,1.12927082612721,1.2089584017861,0.529745124398315,1.6787709393861,0.714254311615792,0.962066034426626,0.644370970834523,0.840811574132711,1.10310392788137,0.835394029375721,0.848044113319557,0.844998898832445,0.715023363130993,0.464030084869027,0.713273089410706,-0.683059756408368,0.947732124453198,1.30805373247687,0.279135194224196,1.0554155504834,1.17322737729627
"GSM414944.cel.gz",-0.387329492974577,1.27379573939067,0.895782633714649,-0.681886670907029,1.50342061788604,-0.772639434096107,0.985511852806659,0.28205510950296,0.491883317943261,2.03979328625344,-0.706673580544226,0.599174852100596,0.438957061637115,2.14107443374757,-0.674655490941864,0.295153933577608,1.35255508970621,0.33737264115731,-0.30524119794099,0.142721809715896,0.359517329481386,0.346550413558922,1.03011707198815,0.862174058420292,0.137461357802583,0.219955702921081,0.554342525887658,0.0264866478699882,-1.09188961904857,-0.848392426647448,0.624446016125483
"GSM414945.cel.gz",-1.24692107023206,1.52080412758425,1.35796125874083,0.736451474252018,-1.6824905630711,0.0540515800194248,-1.60365245395881,0.494578510963861,0.329565920126908,0.418712933157539,-1.69199336525229,-0.593002041722223,-1.69783391447396,2.55504459004291,0.89176959287775,-0.879954109903237,-0.861175412974891,0.848041452804314,-0.668554332530977,-1.94015590310744,0.923560150637189,0.880423469846409,-0.792091179305539,1.06976314656504,-0.710956782848039,1.28673278887258,-1.589899564281,-0.83018876598816,-1.02824675888503,-0.809106804760324,-0.152310558647075
"GSM414946.cel.gz",-0.466015277627607,1.30185796445978,0.904863976894679,1.14339171667933,0.996703696463249,0.89709716159889,1.55206191973122,1.00266573956627,1.1416361193772,1.99386772683033,1.02740103062765,0.766624126423937,0.391218875740902,1.08807511303595,0.543990297680269,0.649647339168305,1.39414079763943,0.534308175516366,0.525849171484667,1.33111815637368,0.557204761184953,0.474834192097838,0.589708224011063,1.03525464588259,0.470958310934625,-0.240829029882054,0.533503257402198,0.328663776317541,2.78639290271184,0.467967112613187,-0.179235362918
"GSM414947.cel.gz",0.476995255196787,-1.04918212559931,-1.69727965379225,-1.22259492577775,-1.17743502975817,-0.468091578271568,-0.638061902039037,-0.143861509867709,-0.757699433247023,-0.607996112225802,-0.31845779687953,-1.18983281931597,-0.0500307164675982,-0.74422998661993,-0.312997088615767,-0.996140581590515,-0.849019971184521,-1.01625927125866,-1.20902697504445,-0.570075404187351,-1.26712753613111,-1.14897701638856,-1.20395183591107,-1.32740634647388,-0.695807157977339,-0.920528111742095,-1.14193874258846,-1.0839640608244,-1.73361229500019,-0.589062361457323,-1.29641552322444
"GSM414949.cel.gz",0.500320005024379,0.451292631724952,0.263057528771924,0.612227751513732,0.247990589746694,0.613906441183346,0.819836199647782,-0.0985557698646786,0.435910557788401,-0.150042481757452,0.524795810263134,1.27996823489348,0.0195376395940266,-0.059072385139722,0.0349759550650181,0.871582195242165,0.29515481577669,0.66803806852135,0.594174455638011,-0.430043956047831,0.741827031904128,0.711174691226847,0.0970731170802329,0.218773132606161,0.678171591022977,-0.589134038474688,-0.666685864674052,1.34633432485354,-0.0230111359297797,0.0520892938539425,1.56274067953388
"GSM414950.cel.gz",0.845621173268084,0.61916306875734,0.66224948568514,0.389138599443679,0.161670240285074,0.314108070603587,0.67559272821145,0.0229294499803106,0.469179249415818,0.71838763492849,0.62364531738315,0.885825892182841,0.686721031181343,0.317310163193174,0.424890070808605,0.767923644499901,0.453491109883706,0.675004434471901,0.702975002916527,0.179102943872646,0.706085708710473,0.710153618218791,-0.21650117247914,0.654666361148832,0.677843406265391,0.23034214774667,0.329746714410471,0.430658425570678,0.429692335966581,-0.103245570784868,1.62117597136406
"GSM414952.cel.gz",1.26122860106962,-0.415555791988959,0.0674707372741395,-0.0208083430376257,-0.231185877017287,-0.14478401235936,0.786417527754085,-0.0454889741234534,0.594143518787838,0.174503606512308,0.804563185903526,0.308861893808314,0.530477496082557,-0.57875358833519,0.496951168294241,0.491441458101815,0.53735966842905,0.246688125260873,0.491682247886826,0.374383619436523,0.258869242165262,0.242337929664543,-0.177315170792083,-0.224253582561752,0.491264621952635,-0.416951585159212,0.488665671758092,0.111919087801561,-0.883964778204726,0.216016682125442,-0.174435303085823
"GSM414953.cel.gz",1.48882429106345,-0.555400830760771,-0.499949604700807,-0.151778839393669,-0.956828883987817,-0.977612486225843,-0.247855208558535,-1.82528712514577,0.311299572733934,-1.03440534204098,-0.2479294952795,0.213786621350086,-0.674584914868788,-0.883761768098553,-0.625258352241405,-0.0316932515073649,-0.407880004697876,0.16051977830942,0.211372443393872,-0.486544806239699,0.163625239695472,0.160033785106188,-0.513872270382244,-0.838031185602273,0.626943713571247,-1.06472806878259,-1.08860046529552,0.190144792440657,-0.93218445670197,-0.917540081581405,-1.16894537321737
"GSM414954.cel.gz",0.740613176712703,0.812088655860604,1.62916827491525,0.79451424169512,0.980287771163086,0.387553668896362,0.906194604996967,0.36454893022252,0.909017245206491,0.881184238808341,0.31058753028946,0.517073547004879,-0.659711624191128,0.0990854167112466,0.741454386487977,0.771178045335638,0.796622492272707,0.673245423082053,0.750716223838488,1.10075602037896,0.700334598641709,0.690840558611973,0.546267785449529,1.14052269914952,0.479758187087034,-0.308501140450507,1.4743480823737,1.0094750410567,0.906752391810022,-0.621842170358257,1.18995976531842
"GSM414955.cel.gz",1.30935619795821,-0.265701006336353,0.176788093097412,0.198375259220908,0.149507159704861,0.126251060547467,0.158137539344209,0.0532774252880183,0.462479394672786,0.133782149762957,0.0614691473927772,0.100993287393969,-0.800708831391281,-0.218039410470167,-0.172045787330075,0.565104693005087,0.29671336358296,0.285827064618489,0.296899979156573,0.232506644491851,0.311171246920886,0.218259336375777,-0.0210884889640556,0.0117131744235754,0.425205196553947,-0.258915143276894,0.361574328306429,0.304421970738733,-0.333399026150913,-1.07438959168236,0.106289463333669
"GSM414956.cel.gz",0.227879064672327,0.976847065251481,1.49369921091193,0.646770392613525,0.804537786811304,-0.119262196449148,0.422959092927644,0.246593786339572,1.0519612714588,0.888953088614043,0.0671439099791019,1.37475360345782,0.514046570045888,-0.10487879511599,1.32846858823993,1.12908461117645,0.260224751535235,0.881523322831327,1.08301173034799,0.849220999075905,0.91726566057474,0.916176903339338,-0.376967486391959,0.991114242540597,1.10211673923863,-0.788018458743484,0.405115597570328,1.32171245050955,0.519035852584358,-1.02763864191108,1.23651210068124
"GSM414957.cel.gz",0.706041584072122,-0.0308934393815982,-0.65432313904638,-0.374136337246782,-1.57275018505461,-0.318954574074898,-1.05039989685056,-0.330079482710109,-0.78284776341502,-1.25739625958011,-0.608788541096279,-1.02293707643778,-1.44037039071985,-1.01497131291941,-0.301925654011642,-0.906644342384303,-0.824234468912733,-0.679703269153424,-0.790909420066193,-1.17241600560754,-0.609062826347641,-0.734089167078436,-1.56429425903077,-0.588679716188019,-0.693600202013176,-1.6702730914257,-1.58405785395549,-1.31265657875857,-1.37399056047449,-0.721360630380481,-0.361013399492762
"GSM414958.cel.gz",-0.387439093237558,0.398325154008275,0.701590775974485,0.927323060751784,0.505670749461686,0.247164019534475,1.84992073204042,0.209152792454379,1.06566035122268,1.60293182680858,1.24282202196374,0.883166532991512,0.968976157290873,1.87936640151726,-0.0195815849530212,0.62735442943,1.07203013951605,0.658273230602707,0.827429783839774,1.13879469283813,0.709875997645755,0.657271526730299,0.616033897071199,0.685862820737735,0.304700643285891,-0.744235838129214,0.877556688701089,-0.210082357149134,0.569426643031054,1.72983216558259,-0.809611443509789
"GSM414959.cel.gz",0.17870777976123,1.71460441968345,1.29868407517897,0.661877115281187,-0.0914807384430063,0.537358102574879,1.65823753707964,1.02753671641161,0.236068335266962,0.673851543836283,0.832597506367823,-0.0730030026981968,1.05562778309993,-0.832862233916668,2.16996658239866,0.217368650899961,0.693581045289057,0.253510049746573,0.115143900042789,1.09108188004705,0.23531038721024,0.232106924410404,0.191688832537567,1.18892330241192,0.141299269881057,0.0151681653909401,1.37234359342381,0.0900931190480262,-0.948716044954272,1.00953143817525,1.25274543270833
"GSM414960.cel.gz",-0.250756323674389,0.982270697650146,0.193965272082915,0.440995249432686,-0.241689025359138,0.425873522283748,1.16477370128816,0.984745826640695,0.313543597624536,0.777766765711922,0.931518793952315,0.954012192814081,1.03934762388,0.462218135181193,0.695275086340171,0.0834159299492751,0.402102825481598,0.395357076134715,0.146235132695687,1.07715418633102,0.460754173023244,0.398641114517594,0.36518225076523,0.274584123708016,-0.0643135149026458,-0.335761352313917,1.15042944259015,-0.398876949943681,-0.256615474741082,-0.216091754498327,0.457221627252474
"GSM414961.cel.gz",0.140616584535528,0.471755945539346,0.815092503208959,0.691030451383991,0.0660959144087152,0.440660596211657,1.42006267644168,-0.246553117924453,0.134414752698279,0.120349605650215,0.986774770638261,0.86053611057314,0.886217434215996,0.0597356704502362,0.303936855983607,0.894911966523252,0.750414578277049,0.647047710741876,0.709303921720704,0.172478250254693,0.730251235210186,0.725930160544922,-0.00544349409047718,0.437623810265335,0.588284533916147,-0.901934193760282,-0.268676274187495,0.858554600972973,-0.54741091755137,0.145107912728747,0.934210695906591
"GSM414963.cel.gz",0.597896932033504,-0.443249379794009,-1.03728991147602,-0.198312126411022,-1.1538698749547,0.0364331635186901,-1.1175946419216,-0.752041603426216,-0.113141577807296,-0.839768975722741,-0.865573923745754,-0.0658182892129585,-1.42818368583277,-1.25415500726958,-0.996252347601041,0.482197385587611,-0.0508091988551008,0.257765731728158,0.116601064521587,-0.787689670737908,0.287828413023048,0.247479364437297,-0.673575894708896,-0.96231628381151,0.592692159821395,-0.488866295829587,-1.39601462354259,-0.241775038924323,-0.55647600059795,-0.966556708053386,0.35600807275002
"GSM414964.cel.gz",0.255496108974419,0.289829199281409,0.688478702721267,0.526898992813434,1.19316483613589,0.728099403594013,1.16620328928401,0.35555345136015,0.613718684681936,0.751972785590059,0.766089613258621,0.488113085714803,0.980565009764718,0.721544184608284,-0.0204806195201303,0.64412901507363,0.741111919129346,0.684646072770088,0.836704813208614,0.635466491284184,0.713610712635188,0.702676774140467,0.255924375823275,0.491741059365446,0.355814964064791,0.107453858651062,0.780788556110154,0.65489906107715,-0.0250745255491151,0.382229989420553,1.26286233331853
"GSM414965.cel.gz",0.858970372173495,0.85380591373658,0.909774132449122,0.383143951368775,1.06156644296206,0.586583006428987,1.93299389222458,0.643036142185051,1.52621002331683,0.878713363040894,1.0008087629831,1.23777770892285,0.929689114686844,1.00642918469278,-0.138654007392089,0.730682459899578,1.29127182386187,0.807386388341843,0.788753205461289,1.40848528399975,0.859584238554402,0.822526195491207,0.358091507506067,0.889484824473347,0.709288594999126,-0.690709457823742,1.76566313825588,1.04546082860285,0.504405157753905,0.883354007125868,-0.214326588983516
"GSM414967.cel.gz",-0.986967924361908,1.02777612745023,2.13365210679183,1.05908609649937,0.829248136758868,1.08712976722628,0.34890839259184,0.920807879617944,0.308458334223438,1.04974486664317,-0.354603376873967,0.203959311167945,-1.02955528143177,1.14218459076648,0.217809384196237,0.22562322712651,0.710122660785963,0.299776576653552,-0.092589593873185,0.219287798115189,0.332040524180963,0.300927754385421,1.74619003236051,1.84669749644889,-0.117848339192924,1.2394387753027,0.0796173427904304,-0.866714566604724,3.00083768370091,-0.891659448867853,-0.794266870859191
"GSM414968.cel.gz",0.0487929343932947,0.392136338956336,0.796116279664242,-0.0196108305422625,-0.196395738255755,-0.157190428695931,0.0478260552629545,-0.282315556049677,0.223486093274184,0.584668206972233,0.905155514378249,0.50055163719646,0.608534642398535,-0.00583672764552752,1.68550062514545,0.575901553209753,-0.290617588720674,0.318499662426917,0.449030092421566,0.240276547973746,0.335865077640006,0.317593267396018,-0.0267820107859064,0.57024167246978,0.648568808029271,0.355596458177095,-0.885624553471283,0.219534059004064,-0.846750941861358,0.05926732692894,0.988840708217503
"GSM414969.cel.gz",-0.65298858533039,0.496756948087064,0.450164497518794,-0.0617104854492489,0.215465556854993,0.442877888955821,0.176485415071919,0.523527353769296,0.118298480852586,0.359968717014649,1.05764371833202,-0.137508421566766,0.980918805510956,1.28200412861055,1.10104484646195,0.40875397644419,0.789381882907965,0.125197432214089,0.172395797041076,0.68466534118679,0.0942390964101484,0.117112748372217,-0.240355198478392,0.399110114942994,0.186955936914882,-0.505372913259947,0.523588664291267,-0.504977892703836,-0.459208109291251,0.10616302212921,-0.265166801232582
"GSM414970.cel.gz",-0.230074939957134,-0.0572650449232643,-1.03997358171941,0.569992990588549,-0.611286693946272,0.0767505826683086,-1.1346664847335,-0.0265281422003184,-0.0552489268726022,-0.905983365239177,-0.0114149402377126,-0.310410598542906,-1.10109143011231,-0.840865525398834,-0.194124050683148,0.192502304439282,0.045838956733555,0.0822463048921925,0.232375405498618,-0.932823568615378,0.0448632706870705,0.112047870940038,-0.650334261029873,-1.04366851523817,0.347569868971081,-0.189548865905546,-1.63945753471155,0.0150935554986138,-0.780045334226421,-0.521752005906788,0.460778673039252
"GSM414971.cel.gz",-1.16571177910776,0.882572995884349,0.439073867607294,0.793600640969283,0.342770562011356,0.63067524938057,1.497983300109,-0.155528240161364,0.59158449392652,0.935778071503941,1.1738890000683,1.5717802517948,0.509240269443233,1.04428604605796,-0.904964867255726,1.17483822420423,0.420987055262277,0.885479906104832,0.916768931257278,0.582371714477684,1.02927725652759,0.894602043031605,1.1958235422547,0.524006693172032,0.923907573415071,-0.411102529692868,1.42556565803602,1.28535777088804,0.0201612529338303,2.14058979128219,0.708659067012288
"GSM414972.cel.gz",1.4185992408383,-0.570483423999525,-1.87334391046055,-1.87944577375939,-1.45680262412968,-1.0993950835111,-0.896027552278023,-1.09881322695141,-2.28649704387031,-1.93106876283679,-1.42596330280114,-0.776909018775322,-1.30841308799227,-1.18917277709846,-0.88807992406634,-1.46904699033831,-1.45748931717309,-1.84233324001989,-1.94416433088467,-1.6840451861083,-1.579259640739,-1.98161565578468,-2.26580541424717,-1.40077728047784,-2.03995911535023,-2.60370959420382,-1.63621339341402,-1.06522740369727,-1.55277691192845,-0.655597337567653,-1.32430428979413
"GSM414973.cel.gz",-0.560788715828503,1.82999435930353,1.60719861219662,1.11524786669206,1.13423644511046,0.766995432425088,1.42430141546029,0.537425403244024,0.556843653454251,1.08863345171362,1.37375407751005,0.350784330808547,1.06009082297954,1.45551588195305,0.518331441112544,0.646971924414439,1.37118829760483,0.417897852648564,0.431939885970102,1.40333980337036,0.40786019765677,0.461678155832147,0.947220202545588,1.54306714312752,0.393515041973433,-0.568658695155256,1.44519526523967,0.530131724287725,0.729510391311195,1.85242359029136,1.72152856613779
"GSM414975.cel.gz",1.02182147921641,-1.10290523087333,-1.63182727061283,-1.16549818429491,-1.87933491578722,-0.938222564304924,-0.917012901239014,-0.33527230125804,-1.93868105826386,-1.99773629203678,-1.87541592612095,-1.40236787769878,-1.19039616917957,-1.37639572089055,-1.5788220262101,-1.53103149280412,-1.41970089358584,-2.03242400798718,-1.9681954111855,-1.53275025509602,-2.02491153357079,-2.07504467515674,-2.08817538994217,-1.5940648769806,-1.59995041937296,-1.89064507568557,-1.57650929485245,-1.50746552861372,-0.861691476735667,-0.640858654629991,-1.30717674131255
"GSM811004_14000A.CEL.gz",-0.882976376430327,0.892083548882581,-0.109482494747386,-0.629448072600966,0.48138747135411,0.577087307276305,0.517526888049332,0.553720543576391,0.355846681831011,-0.389254540402059,0.492544610441861,0.418604670818648,0.592198049733547,0.677779045537565,1.62861234621666,-0.310492479917413,0.853582827942057,0.190326342571276,-0.51106748289705,1.1965845762478,-0.0882040163233353,-0.0511769016066405,-0.0551544789388545,-0.0874991735846667,-0.555422646425444,0.479328936629683,2.23215330093712,0.120430232080968,1.75232754817593,1.68538070766041,-0.434641138189292
"GSM811006_15T.CEL.gz",-2.68201820729001,0.658902807778711,0.598988464749757,1.50384094266503,1.03230434228086,1.10857229472862,1.21139828800588,1.25182928173187,0.102934760069616,1.21240247421654,0.977314502402637,-0.767746911872217,1.27305849198873,0.895651683192048,2.86501019815821,-1.08609905258671,0.916103288816413,-0.253780636820708,-0.719627696369598,1.60652400185321,-0.397372362347712,-0.366993482731245,1.40315982248904,0.66367584194419,-1.47819578765853,1.89548325275794,1.55013258613169,-1.10530207239064,1.9045273440304,0.928070658388999,-1.14558076805511
"GSM811007_32T.CEL.gz",-0.190836843594324,0.13271340774164,-1.04795786382961,1.76218844768366,-0.61765216309218,-0.653376219184485,-0.32427847814071,0.489459441051818,-1.62822045082226,1.18068233745679,0.225820148784241,-0.636641059248717,0.510174424164005,-0.754468529618393,0.465408790243353,-1.47220061575275,0.237968939483198,-0.494752273654749,-0.371934430042729,1.00131653152049,-0.716815397452963,-0.669997074325423,-0.566112110003943,-0.755997596555889,-0.832083073832608,0.097185749516312,-0.301490992162259,-1.19472590604193,1.05745852047619,0.0148671388249097,-1.56326774639197
"GSM811008_33196A.CEL.gz",-0.936445650626207,1.01390291599377,0.193575234400675,1.28252835254678,1.30438516734749,1.07674670658315,1.10335945429407,0.306035379225767,0.931628726480675,1.87820360021865,0.976550691414359,1.444686584167,0.655027196888564,1.6438867632999,0.0998431979893974,0.849448581441262,1.55688618992199,0.996687084830628,1.29635120111546,1.13433235297227,0.941358308850907,0.980149221994474,1.30624507929622,0.502833088557116,0.860908506583023,1.32009838539612,0.94493672707822,1.28508169126683,1.14470941754334,1.15540396197471,-0.279159279513268
"GSM811009_34831A.CEL.gz",-2.96830628766199,0.468917228876935,-0.242539451823666,0.342024471774379,0.488127055681791,0.927745770406917,1.30469309082656,0.38705601590855,0.489203018457779,1.53544310966217,0.795895379412106,1.62145357690069,1.22700278818767,0.173927782636678,0.409786443148761,0.959434174467454,0.827799358982284,0.874020213115366,0.917874162563915,1.40236448864744,0.860866090152103,0.848983075006261,0.792283188349999,-0.0529533810393841,0.874983237397369,1.08362830549658,1.38926118522097,1.08139937592639,0.713160210107087,0.892886123200309,-0.483983934539304
"GSM811010_17T.CEL.gz",-0.141079020593213,0.477953856440846,-0.793706322171554,0.945900643392699,0.801786576342738,1.04709004811719,0.939249093201156,-0.375200372730227,0.594210867748523,1.27098006918008,1.17226768103749,0.87601778760519,0.990324423281159,0.709181767068135,1.67948592660134,0.839263645499205,1.01092950613335,0.839803376297934,1.06392508488821,1.07489686736408,0.751201092894565,0.830319129421096,0.65517208354657,-0.210187213533298,0.868176201279606,1.0461634550509,1.38637009990942,1.29575916674408,0.972686284050392,1.9824789560854,-0.20357831949097
"GSM811011_30T.CEL.gz",1.88729855167103,1.71639864776672,1.17738464519432,1.18620621332183,0.704028574063736,0.67780247789809,1.13330086811363,0.208712273068929,0.762894997882092,1.21020064784902,1.05229218977598,1.02070771381658,1.12006725380836,1.28222469339805,0.491772604560248,0.83923317455974,0.946714632219043,0.848754203353807,1.22252548889612,1.0437622781298,0.800706746913575,0.844702373111756,1.12099742177169,1.0847487019511,0.734411858856292,1.38260140076469,0.834467455872089,0.734946570537123,2.26115880348675,1.3217590898991,-0.925171525258709
"GSM811012_33742A.CEL.gz",-1.01790350329104,1.03267677225322,-0.214501806787354,1.35479165063671,1.09927817188312,0.600695007319171,0.729178681534204,-0.684893375347675,0.938294431755402,1.25234365322249,1.09335623001326,0.596396520791417,1.37809228431777,2.62073642234747,1.38872159472013,0.122530474109967,1.50150654029192,0.68797553956405,0.669767424184224,0.993947040958226,0.5640570446261,0.62587597986307,0.975443736493958,0.308317514664306,0.596833623905489,1.07026140136114,0.721665863583542,0.691167824651352,0.658167424263385,-0.116474884996039,-0.331278761280787
"GSM811015_14T.CEL.gz",-1.85803737248529,1.58242022213403,0.453431745295966,0.471807543852044,0.976806754635814,0.634875715620677,1.45910212390489,0.654109900342666,0.340430147036037,1.05582865831882,0.773916689325964,1.52130953929491,1.33838300789622,1.74193723693078,0.999477406602517,0.757121367239331,1.08041169626168,0.862219368514864,0.854213013272558,1.55942270537987,0.81945387787795,0.833999141393407,1.10212076552005,0.892745625735111,0.590270600626468,2.02262200749034,1.75746964876276,1.50462077120742,2.53114632890703,1.23305622490365,0.174655043206908
"GSM811016_25T.CEL.gz",-1.24015344304277,1.28999193580866,0.283027976387125,1.89538071728307,1.08236654743856,1.00818696455067,1.56909760433022,0.172000954059979,0.971217734749493,1.62173278578152,1.35850232070118,1.70000099354666,1.20995376845112,0.480284912160974,0.15118079593974,1.30699781256632,1.26235646128843,1.06535373667627,1.49422360562462,1.05989509541459,1.16120334439569,1.13344568957707,1.2839944602402,0.654533378402698,1.39884482432386,0.110187409574751,2.20520460135752,1.64739402354145,1.28276302594994,1.7060412684067,0.098324537262382
"GSM811017_33541A.CEL.gz",-0.357720174337327,0.665599194990309,-0.451376388956437,0.706833692439608,0.775471325672244,-0.158821910752868,0.632443829860555,-0.717032334199931,-0.802936288268699,0.322850556659896,1.13472937475184,-0.898033907908947,1.13456850845363,0.950540814732275,0.766576515280414,-0.504409458382586,0.624343060812138,0.298803795568509,0.22512795550049,0.765399842507913,0.149494900290227,0.216818758628729,1.06683558390606,-0.765783123812754,0.295482300041696,0.0921686846379715,1.27139822303793,-0.818640608472869,-0.939792545920078,2.60135183098975,-1.24412465924429
"GSM811018_22T.CEL.gz",-0.227655746434782,1.18728935630099,-0.303532131583403,0.995693448426556,1.13915578470535,0.768042118828316,0.419672912692909,-0.354973965062452,0.718112284188289,1.32136748822757,0.872485263811896,1.10345207525338,1.01677048064651,0.334417559283545,0.222565368834702,0.893991610764068,0.860609458894164,0.892208965472638,0.998243075089025,0.921097401576752,0.86682853320519,0.865905964562772,0.262948116579991,0.114977504859558,1.09135531871094,1.01503046621974,1.32487580499001,1.05155757851071,0.773838534259477,0.865487151011518,-0.213441548315251
"GSM811019_23T.CEL.gz",0.0631180573362644,0.344552586711846,-0.580164628820848,1.18380619337128,0.0260572462023838,0.341492139723325,-0.285675578176392,-0.050955122786021,0.0965758304467705,0.0653105863124871,1.02275685703432,0.973012426793339,-0.291518660877973,0.390471722524239,-0.000357569518021277,0.721401958194174,0.844591334218483,0.732791241319021,0.896543519186709,0.784437347879332,0.736594819100248,0.723988710723543,0.14339887774921,-0.466912630965579,0.694767411496595,1.20376942458846,-0.149952443199019,1.01393472806228,1.13689891846146,0.577995309084906,-0.859229436753655
"GSM811020_34992A.CEL.gz",-2.99352051735675,1.29045065662481,0.661374800934726,0.849283930780243,0.638903422482141,1.00610506010799,-0.740388892961549,1.43573847732589,1.13903342626767,1.25955626163846,1.46642025940152,-0.671436092171325,1.50135385224703,1.38237313182754,3.47317171425905,-0.855182968879765,0.892451032184289,-0.656934863352911,-0.766472798626089,1.21489948483078,-0.81018361262605,-0.827339286014811,1.31868397223543,0.754473650389788,-1.49941175808901,0.767229036980128,2.47654565549585,-1.20476278809391,1.80072231837581,0.430538201034537,-0.941541928692786
"GSM811021_3T.CEL.gz",-1.11772290528376,1.16263048240593,0.335560084255147,1.05714368695441,1.3530216417113,0.790159971864284,1.2392353483762,0.499861616268689,1.14876099588571,1.460816536074,0.928390422040964,0.598428658674065,0.876241510657391,-0.375906340072159,-0.265423036130641,0.179167358984586,1.34011014917043,0.470180955050803,0.391556434045194,1.09439306106428,0.312928842920039,0.365797393248542,0.730688852054355,0.722600713796819,0.329387979509848,0.11368708094734,1.35253179949511,0.344828562540727,1.22400771545557,1.67304134436894,-0.221430981595273
"GSM811023_21T.CEL.gz",0.217929294474589,0.536086283168021,0.127428851314571,1.06000432083963,0.0938562622752648,-0.139069787750643,0.175094586849473,-0.286935059289916,0.470306330865032,0.90351597941242,0.584401599208196,0.642684103610154,0.684614818132078,0.730328364363544,0.147469669137937,0.442873938986981,0.574097325296059,0.737492109690833,0.909107408112558,0.855461331472546,0.681382019174388,0.717684339466727,0.171379814018926,0.26516918446562,0.683640488959065,0.524257749881661,0.544401112493882,0.578465470251303,0.599410780967744,0.777185540256196,0.469135683535376
"GSM811024_32582.CEL.gz",-1.38661415624685,1.48302736395574,0.268308762705618,1.59510674994439,0.617424534742094,0.602700178257906,0.267738740949827,-0.15276163667567,1.2282811580354,1.11335332154845,1.05864996920967,1.8555421363189,1.19252280680052,0.179623813070336,2.17659181803369,1.53783740457224,0.835833223811463,1.09252928157825,1.36629023190504,1.24961951070761,1.18125983408406,1.08090756499675,0.00936291201752154,0.987192226530347,1.39303926152918,1.24897119543851,0.786690524538499,1.53772612920682,1.77968594072145,0.778457924817521,0.596846359352925
"GSM811025_24T.CEL.gz",-1.47920919165502,2.393146474126,1.58367169138106,2.02221799268455,1.16633648903042,1.39460877523287,1.20646060580705,0.603395052080636,1.02202521056114,0.822172498988358,0.929088238861525,1.36133304638736,1.28622278989608,0.963181613010763,-0.432057927750415,0.84763925418342,1.19430317899856,0.92421687099421,0.625916600151954,1.07670110426517,0.951958483179578,0.9536153355089,1.80435682782371,2.07962682579818,1.02943798730247,0.705917350899497,0.880884581483782,1.04959859278242,-0.73502789098311,0.226277484343414,-0.166534671725996
"GSM811026_2T.CEL.gz",-1.90900393670826,0.891290518479222,0.459658960216379,1.3366483327892,1.18455045622189,0.955691981248234,1.89422135549355,0.135684627051488,0.910758937832495,0.937638432936343,1.2843442265948,1.90204380754928,1.37306552949243,1.29464238802097,-0.259666491664177,1.74318532637287,1.08855880576688,1.13695572217552,1.4510315151522,1.18927183766961,1.28198041964849,1.17042290598782,0.417979528904309,0.588310990218189,1.17728168501264,1.16431468299088,1.00818137057791,1.94822009727841,2.12328223267265,1.99273755799533,0.293119354634137
"GSM811027_33292A.CEL.gz",-0.208415880576801,0.289953258157534,-1.12715542480229,0.908626083280117,-0.910553920783736,0.395852471835021,-1.09709458607163,0.248803097998041,-0.483081854976194,-0.0399285892989987,-0.402763894608959,-0.606617730106408,-0.634193791164818,-1.18044334836771,-0.787444936719816,-0.532640330109574,0.153587410881518,-0.241883342348753,-0.498825078293622,-0.91278962297632,-0.509156368537843,-0.317620203999251,-0.479961170854161,-0.803940212763064,-0.204865616931024,0.352293926462604,-0.408671838217511,-0.343525681939066,-0.408515094960294,-0.0489212207789526,-0.155177638103186
"GSM811028_35062A.CEL.gz",-2.44581297173822,1.82073736870047,0.905567625715095,1.45750456246175,0.570008983271239,0.826353996622252,0.778763756399629,0.77228817643083,0.875094870811769,1.42043066656734,0.956971580575798,1.60369135586567,0.95699998697804,0.782033286745462,1.86547222904721,1.32031666317989,0.695014040243564,0.86625473944058,0.441531127205176,1.49261590559725,0.803883457997488,0.832520000036165,1.61205872861435,1.7944323680328,1.01834866111532,1.14734003530682,1.70220274453797,1.04789959469442,0.627629343196506,1.43044566238306,0.380421992145002
"GSM811029_22403A.CEL.gz",1.78559639755337,-0.332837469970815,-1.44527595779183,-0.822077277885795,-1.4877218264847,-2.42540916280009,-0.615618441675618,-3.07422974268536,-0.582902968854422,-0.418543702424618,-0.604879426673268,-0.436554037552945,-0.656700271960634,-0.632609168268586,0.0827436442599564,-1.27342639791753,-1.14860593718669,-0.0727049701815812,-0.215640777196127,0.88824440743935,-0.115231280109275,-0.107915218179971,-0.596753880984039,-1.82589186066042,-0.552128504679216,-0.746893052956458,-0.120404025017314,-1.02531583135789,-1.03077281713839,-0.113422963183713,-0.507154779248081
"GSM811030_22635A.CEL.gz",-0.966311283368791,-0.0604316021334083,-1.85942857790263,0.651063400403676,-0.884821133003827,0.0425596280831886,-1.03112393898566,0.00941528933370239,0.47064405840218,-0.502268840424799,-0.103557218534642,0.233367584527841,-0.474618453967351,0.120612413078237,0.0694732082259009,0.28586067766216,0.0862455836691018,0.429831076710533,0.531727295721935,0.347344891979743,0.341034635608141,0.384204464200289,0.301304812121855,-1.53095608791402,0.837079866862106,0.792979962679012,0.167656909490989,-0.924835188102853,-0.105245322089476,-0.162809197537321,-1.10638022790079
"GSM811031_22852A.CEL.gz",1.83832266930422,-0.323343307317385,-0.78889811938797,-0.215033425247562,-1.13019302180175,-2.29421750073532,-0.784107446361745,-2.44857184472782,-1.16560739508849,-1.66051736265923,-1.86034821813521,-1.03503041517652,-1.12317317394706,-0.462107504296126,-0.47130899760972,-1.37133882487519,-1.83712449359756,-0.838070998476606,-0.574523747303519,-0.384975351567936,-0.835550431865324,-0.871349526195717,-0.921526259919878,-1.09513322676753,-0.979771728258465,0.400302914019448,-0.32476413504048,-0.912073769348227,-1.15692092653799,-0.378445866296363,-1.14374288970334
"GSM811032_25716A.CEL.gz",0.523091097246321,-0.0866735448054528,-1.53135122975382,-0.0820192758430636,-1.27251336115009,-0.399519974486712,-0.681916304684585,-0.921303807589613,-0.269381774623341,-0.643198991459623,-0.996728606729601,-1.23549555051369,-0.984596641462186,-0.56753997012614,-0.186711724739097,-1.26880173384457,-0.576387638689706,0.173391387258854,0.00782916562464168,0.378536451738218,0.161524361743457,0.0361717772429953,-1.18179448348848,-1.40052356295333,0.0966595361689999,0.404760971614846,-0.532347850987958,-1.14538898907629,0.507028346299105,-0.241393941304558,-1.45133213111537
"GSM811034_26642A.CEL.gz",0.523325785669458,0.267159552054282,-1.14112866717936,0.389426051736848,-1.2065856921814,-0.139532496586877,-0.551381903283014,0.152397738048696,0.111131858238474,-0.714917586576532,-0.455305703444562,1.10943189897716,-1.41468093800127,-0.575570091079083,0.352089419349092,0.444373672494093,-0.271280904705434,0.508722081622471,0.49831054096709,-0.639113416926464,0.435152304183081,0.438598190651956,-0.440717081503664,-1.16277302512773,1.08230832256319,0.425386591557257,-0.649644696122803,0.353329191414597,-0.228261635315558,-0.0394461440489438,-0.787390431197537
"GSM811035_28890A.CEL.gz",-0.792675766704753,0.685140090683646,-0.459428140968239,0.216168582198715,0.0144836045191862,0.392020942503878,-0.198067229616334,0.366391324706501,0.914137783464506,1.22816694212629,0.752126853133245,-0.677627933553119,1.11140301807546,0.626686395019183,1.19081573127188,-0.811898521045,0.932773090283034,0.0327381504744036,0.227487139669341,1.1432575753875,-0.101309346852066,-0.0632949514587737,0.693350424189734,-0.0826704793888295,0.00635281205218303,2.07353039138824,1.12995177274091,-1.04103141066771,0.223356417084928,1.85607476425335,-0.280855621630114
