GeneSymbol,CCDC69,FGD6,SOX4,LAMC2,TACSTD2,TRIM29,SOX9,TPBG,MET,CEACAM6,COL11A1,S100P,DKK1,F5,COL10A1,KRT7,FN1,SULF1,GPRC5A,TNFRSF21,COL8A1,BACE2,S100A6,FRMD5,Results
GSM2349019,6.738251593,4.549169922,6.108567118,4.156697221,4.656119142,3.989205563,5.365797742,4.707696664,4.635440773,5.486867553,4.297668678,5.641406996,4.733485041,5.372354873,3.726515699,4.186125248,5.263535428,6.37551531,4.276490118,5.190165111,4.822481917,6.015567726,8.758026684,4.399735655,0
GSM2349020,7.072958155,4.528958496,6.265787585,5.01060818,4.405681113,3.866509327,4.893197441,5.614811493,4.500779841,6.018950199,4.511539959,6.472779204,4.581361001,4.862048988,3.983740641,4.479858194,5.125493322,6.254907653,4.363370034,4.807014321,4.452679357,5.91842909,8.745883882,3.596419826,0
GSM2349021,6.798931879,3.813046773,5.894220665,4.478373585,4.968648161,3.397109142,4.814469251,5.075702036,4.275187001,5.270295061,3.51403676,6.152015881,5.391626694,4.995966538,3.733171894,3.956915136,4.790491656,5.51341075,4.896741406,5.122722063,3.827544467,5.754045063,6.877545869,3.899206206,0
GSM2349022,7.092804188,3.436678377,5.944107396,4.756637551,5.019056673,3.393113823,4.412137559,5.470248165,4.652949421,5.126717063,3.956252663,5.416882122,5.061553134,4.871812076,3.676130888,4.927931234,4.113980791,5.438981361,4.540622672,5.012036787,5.058207743,6.36312026,7.028342867,4.212995443,0
GSM2349023,6.98494486,3.119413883,5.918883056,4.151468526,5.122443222,4.056527118,3.824814185,4.581189341,4.609800438,4.969336394,3.412013537,6.20928518,4.275410209,4.812180194,4.143186758,5.514139227,5.88631262,5.065741502,4.759610281,5.447244189,3.450221884,5.216214684,7.092283088,4.313617201,0
GSM2349024,7.173970139,3.502530167,6.124385032,4.080653342,4.299072282,3.775423885,4.647140528,5.565266186,4.263456642,5.154955846,3.677002427,6.376729966,4.005157586,5.189883883,4.490605037,4.548915063,3.98507258,4.851277589,4.195109855,4.752338163,4.081168154,5.882805397,6.45853172,3.553291888,0
GSM2349025,7.180530025,3.795164101,6.016289773,3.906582076,4.592974965,3.967609398,4.732744716,4.503548671,4.375286692,5.461337659,3.739234112,7.279177676,4.918929828,5.37343813,4.079183229,4.729053159,4.00368274,5.460274003,4.68280787,5.258133895,3.362389928,6.233677847,7.88712035,4.942960618,0
GSM2349026,6.416434634,3.311418413,5.93337456,4.103143911,4.322835023,3.962238287,4.662419387,5.080033339,4.559187072,5.375883929,3.780599672,5.699516579,4.246861688,5.517778706,3.806656745,5.255093914,4.255826251,5.651892539,4.103272183,4.815227668,3.722331876,5.627253452,8.014688872,3.866071904,0
GSM2349027,7.365648568,3.29383178,7.333209542,4.587307624,3.682922218,3.807166172,5.123609159,4.708078677,4.069095846,5.266507451,3.672713412,5.932788974,3.95813563,4.462683623,3.455584503,4.168394631,4.21954728,5.699092446,4.414741001,4.559814575,4.435699784,5.751810572,10.26420877,3.291937666,0
GSM2349028,7.381397535,3.073956775,7.034845315,4.065401176,3.535652991,3.836722008,4.514298307,3.537577026,4.052331175,4.868025441,3.429272307,5.557215176,3.774515616,4.194511138,3.244640033,4.699190252,5.748948128,5.678408745,4.190990174,5.269348604,4.075923824,5.923841138,10.7778261,3.387011546,0
GSM2349029,6.788261462,3.219127256,6.479448764,4.08238958,3.847053235,3.745382745,4.54846359,5.20356621,3.798069096,5.654419934,4.221319891,5.573091816,4.288421645,4.45095655,3.42277664,4.01120004,7.143808474,6.745448303,3.961285463,5.263989743,3.74039404,6.244744407,11.58302934,3.442621827,0
GSM2349030,6.666664795,3.479366287,6.520608082,4.443276086,4.057835094,3.59015889,4.60289551,4.067212322,4.042612623,5.895003939,4.592618518,5.829515106,3.187688867,4.697302513,3.911859404,4.90315682,5.447700102,6.121920566,4.088177906,4.810955128,3.704465952,5.550426192,10.81084406,3.38518216,0
GSM2349031,7.095780801,3.850498537,6.363810955,4.114988457,3.671968504,3.681530217,4.605133194,4.210216676,3.947688112,5.68227726,4.624292853,6.573148092,4.036982316,4.87097233,3.384950306,4.373081156,5.484369595,6.189461246,4.099015612,5.411540144,4.099023661,5.698737263,10.45598157,4.196743348,0
GSM2349032,7.296994584,3.180624416,7.520027334,3.729456125,3.34854735,3.190512407,4.583853725,5.457206478,3.82408172,4.604138378,2.928972764,6.97481096,4.062134748,3.930187642,2.960032622,3.526237146,8.624806638,6.850597167,4.257167564,6.453519002,3.739043247,6.48204967,11.54505325,3.090811851,0
GSM2349033,7.457260556,3.490067706,7.213941509,3.64244019,3.363592113,3.967822602,4.337352867,5.259439593,3.745898456,4.414443623,3.105878539,7.342070391,3.397917502,3.74173383,2.804977425,3.616548766,7.18609204,6.181009266,3.380703764,6.931229749,3.646064361,6.697121943,11.64101227,3.102804565,0
GSM2349034,7.107717677,3.05575388,7.051208787,3.607815969,3.317372173,3.366521827,4.339206683,4.724295052,3.829314671,4.605267918,2.817023456,5.502841117,3.513437274,3.748677334,2.933383159,3.453325733,7.063866897,6.10042778,3.243011761,6.978667962,3.594943085,6.329479147,10.90832629,3.215939496,0
GSM2349035,7.121087222,3.17493761,7.736384169,3.78033197,3.668966469,3.378006455,4.194801956,5.033783932,3.556746759,5.625868273,3.2369761,9.601711236,3.340799488,4.136425918,3.121404448,3.878254536,6.605716669,5.673205995,3.748951294,6.083509721,3.810548143,5.747296007,12.11521449,2.999197318,0
GSM2349036,7.293854245,2.948622091,7.103652282,3.384097067,4.338344029,3.086806547,4.012863637,5.005774849,3.713170073,7.267246094,2.934455109,9.789823423,2.92371433,3.984460223,2.672304162,3.444242086,6.613084153,4.962543184,3.127354884,6.527766363,3.414221152,6.001712305,11.90534255,2.978606731,0
GSM2349037,7.603548081,3.445285031,7.146781025,3.587361268,2.898474615,3.110784974,5.158061625,5.175912869,3.318730872,4.268765194,2.80090719,4.855009831,3.139674945,3.655047428,2.764780509,3.553399903,7.716621284,5.301966052,3.107753717,7.067797243,3.441736733,6.228050205,11.84527974,2.958051919,0
GSM2349038,7.275133401,3.820871162,7.105483335,4.20261175,3.742247673,4.171827889,4.90958528,3.924405583,4.196470275,5.6077664,4.01929519,6.089627919,4.730643042,4.813791446,3.897502458,4.738568746,5.192595867,5.791377105,4.702726916,5.166488971,3.901284075,5.859855091,10.75151806,4.43639577,0
GSM2349039,7.414867695,3.263721417,6.80610223,3.36826302,3.818840874,3.368253023,4.704815904,5.313183901,3.942870563,4.436963677,2.91070428,8.321796868,3.262371804,4.273733686,3.044994526,3.739089394,7.364079176,6.379608008,3.425671834,6.689230872,3.176264085,6.291218839,11.27414007,3.070734723,0
GSM2349040,7.759277301,3.177491413,7.432099323,3.654074649,3.627240359,3.481180769,4.752724741,5.218078158,3.927613531,4.345153774,3.287791663,6.397425245,3.648945275,3.592064356,3.046752752,3.605709791,7.534579033,6.294624824,3.495811692,6.841234527,3.827323731,6.482504906,11.63491777,2.964854143,0
GSM2349041,7.733305011,3.265325491,7.459467765,3.564987385,3.36191214,3.342799705,4.527195948,5.718249898,3.980897644,4.347009825,3.152338055,6.100952719,3.707928417,3.539464003,3.196934993,3.502769951,7.617354987,6.437863078,3.884800109,6.951868942,3.916541504,6.630790861,11.67342156,3.183980833,0
GSM2349042,7.649855447,3.357784642,7.4340728,3.346972418,3.509223109,3.491250274,4.434815893,5.656441798,3.781682408,4.360880518,3.229137117,6.029737214,3.647809546,3.801199655,2.961287124,3.544822081,7.648309866,6.379194084,3.906872699,6.897535281,3.623124569,6.376340888,11.64957337,3.191074709,0
GSM2349043,7.66502656,3.422060408,7.454914645,3.478723765,3.538318075,3.411396945,4.600448993,5.522997005,3.830586562,4.36897484,3.193105673,6.345604341,3.5772129,3.794141555,2.952748499,3.581628748,7.451735384,6.381335116,3.435548049,6.83482501,3.674158344,6.569543422,11.58622198,3.127595485,0
GSM2349044,7.734290283,3.493542254,7.411171941,3.629525687,3.661533736,3.56934039,4.653780089,5.450541254,3.871080931,4.307166734,3.243976193,6.109734609,3.635712665,3.715614333,3.076347768,3.573722391,7.574966496,6.420197224,3.533238497,6.899661458,3.831938801,6.403535177,11.42814667,3.110904109,0
GSM2349045,7.635227306,3.616792982,7.447000877,3.471964723,3.572399029,3.371673,4.602373678,5.554792703,3.879350003,4.434480096,3.187169551,6.315443316,3.733590989,3.782942032,2.995500542,3.907205581,7.47866379,6.496725768,3.639802302,6.826960979,3.68594951,6.736739246,11.58116535,2.994139493,0
GSM2349046,7.578355916,3.297191719,7.456176369,3.538808002,3.235956342,3.555436035,4.801670764,5.647460454,3.748820909,4.361964461,3.256482727,6.36460795,3.991162091,3.701347749,3.102255077,3.802640402,7.459095981,6.468379911,3.423369036,6.851066991,3.840763275,6.613797373,11.59493405,3.32499235,0
GSM2349047,7.672966779,3.628224494,7.478361623,3.555848564,3.59451045,3.469181987,4.693293595,5.563962039,3.82532654,4.240671369,3.162733873,6.214804075,3.635222561,3.750589575,2.924132152,3.652762868,7.5295881,6.301832284,3.58471966,6.912602354,3.77673406,6.539907923,11.63092261,3.348785569,0
GSM2349048,7.553263732,3.283460317,7.297691143,3.809894472,3.892799892,3.406502025,5.089459749,5.08092612,3.77542071,4.506533046,3.374154981,6.610785563,3.904823058,4.131295288,3.454220965,4.397418288,6.393254274,6.019817809,3.601325851,6.011454673,3.913580358,6.389542253,11.44119167,2.521272661,0
GSM2349049,7.596213648,3.53638807,5.773810531,4.236782009,4.944298116,3.545772715,5.415347708,4.953676374,4.447406072,5.12205863,3.334612156,5.699352471,4.632078579,5.128828093,3.772563539,4.595443408,4.648427712,5.849352223,4.695308068,5.217358199,3.596190282,6.344060629,5.551419131,3.291845621,1
GSM2349050,7.44551626,3.292982661,5.644466371,4.524691806,5.178463585,3.990244796,4.335701886,4.391862116,4.729059116,5.153332904,3.430009623,6.186141864,3.974335615,4.744039152,3.614092149,6.121891384,4.070179634,4.784420695,3.875821357,5.084096991,3.796215689,6.217621191,7.033869703,4.31717716,1
GSM2349051,6.674916841,3.50600194,6.203498737,4.277514007,4.713890717,3.261163589,4.464802881,5.667188529,4.117324394,5.315040896,3.626497377,4.982939366,4.24671891,4.910351362,3.641593288,4.665145101,6.01240775,5.572834485,4.889101584,4.808532145,3.885956618,6.043455678,9.103607252,3.846196849,1
GSM2349052,6.640017992,3.790276211,6.122463122,4.309590419,4.41846328,3.417284654,4.672552127,5.285003602,4.421015839,5.061647136,3.560827854,6.320674695,4.556116658,4.988243582,3.575733567,4.425592975,4.121647556,5.761259068,4.631154726,3.914566243,3.828261011,5.801758469,7.584982326,3.476821983,1
GSM2349053,7.134728342,3.226190745,7.206922946,3.684438999,3.741083307,3.467334791,4.48144919,3.902229936,3.726248886,4.645976988,3.027161744,6.088670551,3.4359699,4.154455712,3.04702994,4.281171862,5.138242048,5.220324078,3.981460344,6.258159969,4.118327888,6.083352638,11.2304843,3.282965234,1
GSM2349054,7.203291647,3.671042816,7.812350266,3.563821557,3.291051556,3.126364422,4.245170321,5.197682317,3.709829983,4.364678687,2.774592635,6.223810939,3.630304322,4.254627954,2.707342483,3.869007612,7.730494515,6.330435233,3.467637575,6.298476084,3.768004069,6.647152759,11.75615629,3.039019842,1
GSM2349055,7.065768009,3.502351835,7.780995003,3.608096738,3.187498582,3.283718693,4.499186955,5.028180228,3.648675729,4.408024674,2.93916556,6.051493758,3.449409916,4.186431892,2.898876982,3.58927838,7.558446157,6.299294741,3.524204274,5.878406396,3.678278479,6.382011037,11.69471547,2.927467148,1
GSM2349056,6.687694027,3.331847921,8.283823958,4.424561639,3.956961715,3.932196726,4.993656472,4.640637516,3.962563133,5.293075393,4.173441843,5.674548331,3.858383368,4.312413113,3.835118715,4.110599573,4.736234381,5.86448473,4.395273074,4.567348269,4.046487772,6.436649874,11.34233637,3.28412703,1
GSM2349057,7.332554064,3.524583828,6.894782914,3.441134737,2.937103103,3.01094027,4.602560692,4.693352001,3.779271805,4.289567014,2.892098504,4.696064859,3.099952769,3.447040259,2.841932624,3.579197615,6.777729737,5.38340702,3.016683372,7.051940932,3.335012396,5.8957991,11.68162244,2.901120345,1
GSM2349058,6.936650573,3.247475661,6.430846608,3.40328744,4.079673485,2.935308348,4.114964372,5.655748677,3.96719195,5.859610957,2.9073742,8.994829298,3.374670649,4.31696707,2.840714934,3.413431894,7.63844893,6.213851547,4.569987725,7.102727328,3.564112587,6.427864128,11.74537327,2.685730116,1
GSM2349059,7.2114429,3.837709892,7.149397179,3.739876598,3.380685584,3.072684197,4.625954188,5.844695791,3.80100527,4.206213545,3.033468773,8.563254146,5.547052966,3.893036293,2.733148747,3.487880584,7.71252009,6.736397348,3.530802858,6.986850788,3.795492125,6.641349297,11.87889867,3.404394988,1
GSM2349060,7.95455932,3.335143388,6.972916492,3.543170301,3.137674503,3.379730997,4.354821069,6.268057541,4.12881414,4.095929155,2.738544993,5.601304733,3.379666146,3.557162967,2.609457888,3.407067808,8.184873071,6.841187753,3.633530531,7.407151693,3.522299114,6.511171629,12.03044814,2.849345357,1
GSM2349061,6.185105117,3.031481231,7.943903076,3.850080026,3.344600559,3.450024812,4.070510032,5.788621848,3.467911271,4.662077362,3.678348501,8.460186225,4.957158039,4.171802623,3.198088527,4.119359018,8.130742427,6.978182294,3.925705218,5.125726714,3.685823803,6.516534073,12.17644976,3.260764654,1
GSM2349062,7.988489271,3.364471501,6.834087829,3.535296795,3.192151743,3.333360717,4.37850715,6.206578106,4.128813439,4.068798349,2.734701919,5.147602636,3.334623219,3.537861276,2.787130327,3.340948454,8.171698863,6.860521991,3.507376543,7.463235058,3.571523633,6.454687077,11.97369867,3.06191692,1
GSM2349063,7.547612069,3.75566395,7.679088911,3.435855944,3.494867797,3.2960579,4.6355609,5.744367621,4.091946478,4.285862111,2.982233902,6.054184219,4.074080883,3.391249947,2.909523223,3.975804513,7.643940688,6.359437161,3.321482275,6.879413824,3.68702436,6.443453231,11.87543741,3.163222908,1
GSM2349064,5.64107765,3.490687637,6.074827365,3.802085076,5.399766684,3.434890664,4.189279454,4.013522867,3.680795127,7.451708976,3.826772124,11.96053406,3.469107797,5.304104161,3.126891537,3.502849939,4.939224618,5.801081883,3.630443029,4.405037871,3.590691729,5.429262929,11.41199257,3.334626577,1
GSM2349065,7.233916236,3.721612459,6.91323203,3.91464227,3.713641794,3.569024287,4.728365255,4.628684662,3.997800625,5.39168657,4.18884379,5.633193034,3.650992304,4.252329308,3.428268011,3.870423685,6.078156114,6.131515654,3.695231867,6.29508981,3.464451096,5.508489402,11.56444489,3.405581835,1
GSM2349066,7.059261604,3.50254308,7.306321814,3.868797122,3.657413466,3.494453092,4.637503644,5.431561944,3.747487022,5.298447763,3.726970969,8.249077948,3.239788199,4.661546036,3.4148369,3.827355149,6.359934034,5.841980881,3.649720566,5.514881697,3.618375578,5.722216212,11.61834018,3.375422282,1
GSM2349067,5.768514868,3.663754063,6.098852899,3.795007152,5.522961013,3.3100652,4.339789077,4.525435083,3.516142193,7.38086173,3.635776239,12.08115909,3.599893803,5.258848245,3.080335269,3.53024415,5.104911395,5.848642426,3.51418016,4.500595419,3.502933994,5.154809953,11.3678205,3.220838743,1
GSM2349068,6.819369434,3.808421269,7.0951397,4.396540717,4.289429337,3.804478781,4.576147756,4.862097869,3.811634083,5.691292971,4.238504743,6.627991738,5.226087022,4.89386045,3.386798518,3.65635651,5.569088015,6.170813148,4.481134395,4.643072202,3.880550008,6.009865204,11.80158336,4.237856741,1
GSM2349069,6.96801353,3.815990963,6.495765371,4.087709145,4.103040396,3.421561017,4.744135127,5.834800715,3.873347665,5.254588538,4.213174331,9.90820082,3.766405395,5.007931116,3.423342848,4.012259198,5.789669335,6.422467434,3.788490732,5.816356109,3.841988241,5.695963989,11.74046255,3.966225236,1
GSM2349070,7.198557356,3.649435537,6.614821896,4.258927706,3.847178654,3.794593384,4.831294446,5.104618911,4.106031699,5.630928376,4.098319532,7.588949751,4.384945363,4.991345775,3.721683731,4.296062976,5.257448957,6.446043758,3.925748185,5.02777146,3.67916247,5.865106036,11.04632096,3.460776086,1
GSM2349071,6.619140232,3.935922629,6.336531405,4.094385605,3.955907002,3.490162153,4.532080187,5.804726178,3.945518069,5.019650295,5.121392916,6.855657945,3.790508582,4.612971085,3.43007446,3.903503588,7.571716743,6.835980143,3.728529312,5.277084209,3.64301258,5.8699816,11.29992389,3.651493788,1
GSM2349072,6.745235996,3.9842315,6.38548087,4.177607714,4.35364091,3.511526798,4.772362333,4.937749332,3.787274637,5.887258124,4.042252573,7.503629122,3.885443381,4.934464613,3.430426901,3.814411061,6.278396227,6.299936143,3.717950889,4.91981429,4.018145338,5.850286414,10.71655277,4.150525141,1
GSM2349073,6.654365281,4.426695638,6.395643759,4.022077102,3.895651597,3.8297714,4.668632292,4.849056501,3.985719717,5.813710283,4.481698114,7.355100979,4.13514142,4.901203742,3.777191515,4.236047696,5.21880905,6.281397003,3.693049759,4.855944942,4.015157498,5.421393849,10.85143108,3.63541182,1
GSM2349074,7.349347984,3.372609821,7.286874701,3.945386276,4.00546323,3.57053424,4.898003986,5.072467582,3.522145345,4.523113688,3.413061657,6.545201056,4.606495414,4.002786677,3.698600122,4.031670966,6.491832743,5.918045455,3.444849565,5.554107853,3.964674551,6.215361989,11.7684737,2.868607376,1
GSM2349075,7.378624598,3.09958456,7.194267385,3.430695472,2.940626239,3.267807121,4.283440663,5.246617246,3.6304744,4.308745471,3.386597356,7.228779522,3.963508687,4.564283032,2.752878043,3.882722116,6.381907776,5.537248071,3.354722798,6.380609981,3.489719856,6.18028064,11.62431696,3.141290771,1
GSM2349076,7.589461558,3.225354858,7.095590596,3.483558714,3.060740047,3.462057872,4.235541339,4.83678853,3.674006838,4.266974481,3.34280392,7.533952777,4.012668813,4.474245948,2.95954123,3.782883198,6.203672384,5.513232394,3.039938113,6.163838645,3.67653049,6.103501546,11.64932563,3.02333111,1
GSM2349077,7.893595391,3.089264267,7.226220177,3.664438529,3.067350295,3.083775769,4.346187388,6.305788039,4.059218511,4.261182548,2.84026668,6.8805802,4.18633992,5.150864322,2.707713024,4.342529636,7.997828143,6.196803805,3.955419231,7.080567847,3.392807088,6.721089353,12.01239073,2.986506517,1
GSM2349078,8.081380299,3.256685334,7.249246072,3.528018598,3.841654664,3.406745842,4.194918163,5.335678918,3.945657587,4.212476412,3.706710467,8.333807155,3.034923458,3.97577372,3.077466733,4.579039302,7.244919427,6.197529682,5.716083648,7.102074636,4.095233778,6.630552865,11.57345946,3.21670734,1
GSM2349079,7.015875797,3.618603412,6.10262985,3.637315272,3.358532022,3.06913727,3.962961185,4.496428046,3.431184927,4.530685473,3.454815819,9.326006426,3.053924766,4.769669598,3.133812582,3.555261341,6.939626507,5.330111825,3.11850455,6.427278994,3.72223219,5.307690715,12.22490381,2.978705556,0
GSM2349080,7.555165149,3.743976164,6.633682373,3.691553698,3.179152604,3.253624347,4.566506405,5.051407361,3.531121572,4.831992093,3.133462229,7.270251759,5.425273759,5.552734003,2.952188919,3.898512824,7.467560167,5.36503418,3.255320041,6.505040635,3.145263977,5.56852817,12.66250657,3.018549572,0
GSM2349081,6.659766786,3.929131095,6.782678885,4.004130412,3.653128755,3.466225598,4.545620589,5.117841237,3.970583055,5.597446134,3.840824232,7.49505624,4.266183449,4.667974849,3.735661685,4.547629602,7.002917323,5.853324699,4.184457929,5.488765766,3.88637689,5.723001074,12.25436946,3.836277853,0
GSM2349082,7.182099779,3.815498204,6.692100322,4.130377785,3.848200859,3.418392733,4.799857297,5.206677109,4.011072913,5.676989816,3.773683147,6.266455209,3.810357466,4.751661076,3.524379594,3.964967916,6.796579425,6.345848717,3.62648717,5.539780578,3.740510706,5.55495864,11.59194015,3.333189904,0
GSM2349083,6.997193869,3.917806344,7.121744183,4.0527777,3.769141862,3.563067448,4.507088104,6.172829833,4.58964537,5.176957128,3.897804654,6.098127924,3.577349153,4.574535481,3.391253399,5.034052117,6.848207525,8.090877912,3.908419995,6.577967905,4.223781576,5.609274812,11.69897235,3.194811768,0
GSM2349084,7.053602659,3.926771299,6.482651233,4.11930187,4.289068517,3.616184138,4.712033341,4.799776919,4.240207384,5.586894138,3.969607881,6.105892825,3.58142374,4.724702914,3.777772403,4.142404666,6.943820683,6.107422738,3.63274381,5.706705642,3.739655961,5.713417291,11.59985075,4.185345916,0
GSM2349085,6.967309095,3.555560918,6.857004059,3.648079992,3.067247207,3.282543909,4.586089746,5.223665694,3.842568964,4.762896812,3.306283242,5.395737881,3.616840613,3.775841865,3.076352867,3.531748422,8.451122852,6.853258193,3.360115866,7.430632502,3.771727087,5.979975492,12.27787197,3.268759613,0
GSM2349086,6.566103307,3.627506805,6.028121618,3.71084336,3.614312432,3.465386334,4.562949717,5.016228953,4.152284142,5.191704678,3.824307238,8.280667164,3.432143598,4.526843864,3.261282472,4.224007409,6.434041392,6.047374394,3.462276581,5.834011294,3.437733094,5.776132119,12.00152096,3.72910749,0
GSM2349087,6.713543668,3.645741255,7.17511424,3.971483282,3.352338537,3.713724619,4.26935457,7.302177209,4.413426851,5.43503001,3.590974715,5.736841537,3.642777244,4.445212961,3.416030084,7.280744057,6.544842579,8.95472413,3.774349107,6.282454937,4.195289656,5.889572189,12.1471895,3.787919185,0
GSM2349088,7.930012811,3.689463681,6.971409016,3.327241622,3.193939623,3.138526343,3.988277507,5.564226327,3.787701815,4.065147085,3.302423924,4.484557367,3.107080445,3.200369233,2.663264186,3.867783716,7.166188211,5.844048524,3.122947647,7.454488294,4.142877417,6.036008367,11.96502593,2.939302782,0
GSM2349089,6.885309426,3.120187889,7.878404662,4.109739318,2.976341127,3.177399828,4.343614901,6.003024648,4.22891677,4.192180426,2.780766475,8.611748726,4.712932265,4.759353394,2.646032192,3.493189136,5.987742438,6.21500294,3.442260739,7.304360372,2.93005968,6.061543115,11.62429155,2.957229388,0
GSM2349090,8.15841417,4.02436887,7.042791595,3.443193825,3.384439063,3.069668539,4.277875724,5.582892247,3.701287975,3.871859121,3.665913376,5.019488101,2.967717657,3.419795312,2.633148332,3.591264974,6.764002825,5.774661025,2.80722975,7.852771458,4.001216568,6.047781673,12.13728259,2.929033233,0
GSM2349091,7.64459021,3.091681135,7.071901715,3.462193219,3.04856097,3.136276785,4.768292388,5.793144751,3.979216147,4.150188345,2.934844444,8.750565645,3.511792168,4.050319802,2.844248886,3.81673586,6.623027692,6.344902365,4.86331501,7.206652819,3.413748428,5.950249241,11.20078794,3.027800653,0
GSM2349092,7.756143211,3.350761196,7.334442707,3.721264451,3.363688631,3.292428075,4.349569493,5.362773988,3.777171651,4.509706607,3.753712722,5.564197139,3.527051475,3.721996107,2.857088371,3.972046304,7.311697455,6.098852802,3.304744458,7.053960717,3.846908092,5.947221812,11.91869392,3.091527166,0
GSM2349093,6.368055067,3.949145512,8.263737646,3.254654704,2.852476933,3.491346005,5.478622039,8.422290675,4.213170701,4.12385439,3.235470751,5.744127703,3.408493246,5.074517677,2.818338541,5.524193496,9.266052149,9.410385738,6.681680085,8.257299529,4.577804802,7.187255413,12.16043207,3.040998565,0
GSM2349094,6.62887371,4.442364567,7.032108849,3.317619075,2.981335731,3.14646303,4.514994642,5.326716712,3.394270326,4.38915172,2.831248876,5.107946442,3.726114875,3.548761261,2.81618563,4.114075347,8.307665296,5.743728914,3.112125512,6.898255109,3.173949254,5.939879288,11.77313935,3.041610877,1
GSM2349095,6.995333833,3.846215321,7.178176001,3.300705707,3.137810783,3.32942741,4.385211591,6.020057041,3.702179317,4.537490778,2.985658143,5.509636385,3.442287506,3.670700166,2.819672052,5.827256818,8.061055081,6.994116632,3.276590521,7.015871556,3.555024015,6.040332699,11.99277726,3.471059428,1
GSM2349096,6.965968811,3.620175903,6.501992691,3.847666358,3.665774754,3.181468625,5.033775822,5.369869897,3.836343201,4.856758008,3.639417562,6.902600901,4.217479617,4.117241159,3.035276801,3.311116832,7.267022178,6.436222747,3.337057741,6.460904842,3.621487311,5.92392275,12.17393585,3.161084447,1
GSM2349097,6.32423657,4.156527449,6.809230337,4.140867627,3.819067824,3.251437203,4.195075622,4.506246567,3.641944419,5.171600529,3.594519899,5.499832367,3.755026849,4.419489169,3.151952529,4.487615932,5.128486135,5.570541701,3.475555788,5.710827378,3.380185635,6.115069944,10.89072669,3.560031857,1
GSM2349098,7.047419898,3.806442233,5.968105277,4.118952243,4.107070918,3.539396934,4.884666089,4.601035929,4.06345071,5.199074933,4.367693438,5.928177465,3.834378829,5.007321174,3.548411364,4.071289678,5.519525836,5.714890942,4.268239203,6.200954408,4.365928081,5.618557506,11.80616358,3.538131868,1
GSM2349099,6.473751264,3.970282823,6.605937354,4.436448928,4.23804662,3.707288458,4.513277869,4.365732196,3.661719884,5.313081325,3.682288927,5.927483144,3.809319155,4.628673712,3.332547276,4.462478838,4.905830385,6.027838212,3.610175799,5.404561631,3.611296173,5.974078222,10.70051584,3.475192263,1
GSM2349100,6.654817942,4.308625042,6.632867504,3.492880129,2.863010049,2.866487686,4.661959982,5.235883382,3.384731212,4.182107308,3.006865375,4.572502998,3.294064617,3.516399636,2.854630959,3.237700446,7.87131683,5.537960508,3.116757677,7.180267091,3.270492002,5.739616459,11.98716766,2.921587454,1
GSM2349101,6.494997387,3.668853302,7.619363681,3.849165736,3.490339849,3.287941065,3.832450174,7.823585023,5.331586658,4.737429214,3.340529027,4.912979709,3.277833554,3.938001164,3.190264882,6.785437755,6.713411556,9.908463795,3.867284768,7.353465507,4.410213708,5.815612006,11.95895101,3.365979321,1
GSM2349102,7.525939981,3.301913203,6.910925165,3.277856275,3.711731259,3.082817296,4.266849084,6.08787898,4.00864211,4.107106719,2.868883689,5.186389251,3.537971199,3.331859041,2.66080321,4.780946437,8.561556448,6.598480755,3.598887202,7.653191915,3.604417582,6.727991765,12.17840698,2.892194167,1
GSM2349103,6.87634494,3.239253631,7.567153167,3.74452458,3.36495809,3.054686687,4.284189222,5.046929233,3.777149204,4.51534186,3.1575413,5.451573861,3.557258817,3.782910954,3.215254276,5.584555956,7.670746943,6.916750387,3.379542491,7.04045403,3.580152241,6.025606602,12.06566157,3.080358759,1
GSM2349104,7.027495031,3.583270967,7.524088325,3.713815289,3.322061321,3.421947971,4.007525009,5.029078109,3.738463472,4.692586668,3.395796931,5.523903986,3.493183626,3.801811981,3.358488463,4.428228837,7.107277223,6.465488065,3.410857428,7.247132244,3.383001603,6.211309483,11.67235965,3.370147781,1
GSM2349105,7.549066351,3.383049355,6.981037329,3.386097796,3.60372962,3.092924835,4.188669098,5.568458082,3.810504387,4.090815385,3.028718048,5.154558861,3.538571342,3.306648515,2.764600196,4.058433858,8.367407784,6.267960463,3.382013237,7.323433705,3.812761709,6.517278841,12.17896949,2.923464027,1
GSM2349106,8.020171768,2.932071517,6.809024008,3.647886993,3.787287048,3.275333779,4.272923217,4.846427243,3.941711016,4.261297954,2.979056645,10.66648157,3.257475281,4.712800363,3.079860834,4.694838429,6.520962095,5.657135912,5.424568173,6.674136123,4.112315034,6.031428902,11.81572013,3.096437405,1
GSM2349107,7.390774266,3.191970478,6.994134841,3.518869484,3.820556867,3.17165021,4.472250914,5.481550734,3.449838868,4.574022728,2.987590815,9.50443456,3.375008783,3.963403538,2.858160043,3.919209721,6.918198735,5.702592707,4.481170216,6.838892835,3.943286256,6.259402854,12.20213692,2.982958983,1
GSM2349108,7.192382961,3.201917459,7.059709439,3.780665597,3.441938072,3.592335798,4.417802669,5.44573158,3.746721286,4.635393468,3.512714034,5.793154598,3.420662429,3.85626736,3.253630681,4.731563797,7.487175793,6.834539995,3.767110333,6.463733705,4.236874658,6.563651269,11.74886141,3.766798267,1
GSM2349109,6.966760888,3.366574322,6.487326154,3.685154819,3.269998151,3.213717152,4.411308543,5.128369217,3.750640673,4.896161894,3.446188338,6.833784559,3.289279494,4.197379314,3.169627219,3.868633395,7.280188594,6.285150723,3.367804718,7.429688436,3.542508724,6.005654828,12.35723932,3.196659526,0
GSM2349110,6.974848237,4.007187436,6.239652945,3.999763735,4.12959749,3.452344408,4.620320718,4.63998361,4.10302199,5.729356502,3.762848339,8.069245979,4.383195697,4.57173435,3.460817653,3.910910169,5.571529268,6.326740899,3.468488374,5.875935694,3.797582463,5.582624456,11.49403688,4.019577401,0
GSM2349111,6.934399843,3.617792043,7.104254046,4.090406254,3.763573113,3.334597806,4.867058202,5.015200398,3.879717114,5.34178585,3.887689087,9.365643722,3.807571648,4.685451373,3.446920503,4.020969975,5.99997581,6.230791798,3.700527891,6.121862747,3.958510014,5.464966689,12.04991385,3.236353277,0
GSM2349112,6.726414826,3.94068816,6.572096937,3.971662467,3.796470323,3.509760151,4.373282791,5.206566518,4.210537459,5.706069631,3.77593261,6.12481053,3.685775893,4.576732927,3.673324797,4.495838181,6.772637057,6.072381741,3.903100693,5.408601637,4.023601706,5.555405342,11.4924717,3.46265602,0
GSM2349113,7.266581523,3.223106138,6.465821613,3.75073833,4.045079214,3.267102971,4.207713891,4.638662212,3.91655183,5.395909431,3.570538085,9.493369071,3.206061034,4.810983852,3.051909214,4.290784787,6.105823333,5.778339944,3.526751375,6.579766491,3.756367045,5.52965068,12.21640718,3.543885969,0
GSM2349114,7.138455186,3.763307994,6.769115011,3.882422316,3.561925385,3.446954392,4.56521836,4.90415009,4.163214666,5.078234726,3.594514617,6.222623098,3.285552761,4.541727338,3.173369263,3.744170062,7.029935605,6.293879043,3.277321634,6.376512796,3.709817316,5.488670094,11.97359443,3.185270761,0
GSM2349115,7.05493727,4.195724343,6.595756347,4.398808572,3.88241574,3.654701731,5.051098411,4.930329521,4.123993422,5.920805318,4.370810575,6.438024076,4.390808986,4.490348515,3.920898209,4.5788616,5.774152401,6.7737457,3.872452336,5.223059066,4.082910776,5.386584605,11.55891172,4.153533167,0
GSM2349116,6.756904523,4.67646733,5.655112203,4.678114456,4.335055284,4.142037566,5.25755788,5.192153089,4.162730087,6.526712585,4.549058466,6.52422078,4.354893325,4.991926898,3.982661694,4.808675488,4.944517326,6.508500719,4.065378195,5.029953724,4.280671022,6.215645058,8.944740786,4.942007609,0
GSM2349117,6.573842202,3.769872487,7.420069298,3.745156139,3.359728832,3.426634101,3.799648301,7.812634934,5.078989576,4.846902982,3.293616243,5.226069118,3.46874625,4.118898377,3.016622684,6.67080227,6.785433189,9.822685787,3.864098277,7.135299841,4.051657903,6.058697875,11.80247391,3.147399243,0
GSM2349118,7.829039583,3.480751283,7.11967033,3.243851201,3.067566725,3.166694068,3.875275906,5.618195325,3.650246403,4.046934959,3.087524879,4.872553442,3.135087668,3.55661819,2.699319504,3.622319203,7.274747943,5.954107217,3.131270219,7.409052744,4.107267153,5.964330319,12.18298098,2.974141544,0
GSM2349119,6.967810598,3.344992771,7.865565487,3.799004956,2.903382356,3.106527128,4.198703682,5.704550319,4.328479909,4.241884461,2.816986821,7.610060029,3.871138711,4.276327682,2.803466848,3.987782922,6.339767956,6.548706659,3.354440709,7.333877225,3.144356856,6.314573394,11.20500368,3.040172578,0
GSM2349120,7.885124354,3.698782649,7.033750934,3.354801207,3.173914713,3.042740638,3.992711514,5.726749572,3.816676713,3.945569683,3.349392671,4.839390623,3.287568652,3.314875472,2.610481657,3.552804415,7.123003117,6.007187799,3.03039004,7.548577207,4.286128716,6.10658897,11.93179543,2.814298586,0
GSM2349121,7.348436384,3.292948076,7.499453027,3.623045497,3.128777995,3.009492163,4.204831639,5.550820567,3.657419423,4.279838687,3.100139962,5.611420677,3.431945191,3.447499055,2.78377543,3.899909419,6.790766028,6.51820259,3.086438058,7.416638019,3.387708644,6.336567733,11.71333337,3.039990264,0
GSM2349122,6.779993624,3.377410816,7.608231758,3.331651742,2.942177846,3.466580722,3.947732532,7.767530716,4.569494752,4.369889255,2.743927618,7.890847704,3.242616292,3.648422021,2.686347066,6.480912099,7.227136492,8.805550314,4.962329424,6.886801151,4.100484408,6.298424774,11.48254883,2.862322745,0
GSM2349123,8.076516319,3.155756179,6.689774258,3.55324483,3.271873291,3.190893099,4.703492742,5.498111786,3.905620683,4.263529529,2.917977958,6.335744673,3.617639292,3.747545337,2.870845904,3.499551596,6.972353133,5.994203366,5.985881267,6.963177127,3.844125544,6.207886818,11.79248702,2.890554714,0
GSM2349124,7.21772111,3.553220134,7.591297598,3.509610893,3.095445051,3.771686328,4.605651228,7.03274241,4.156872812,4.303629597,2.965717483,5.580227336,3.265872146,3.623164663,2.905041942,7.063602095,7.253733052,8.14058741,3.940738552,7.274035661,4.12853437,6.346413851,11.76310906,3.191706461,1
GSM2349125,6.806992338,4.118109682,7.197319352,3.42092707,3.177722979,3.432258374,4.359534643,5.883367857,3.708568003,4.541547199,2.935643975,5.563128174,3.523611992,3.774771753,2.931333922,5.560625202,7.996143476,6.861560678,3.263365737,6.869115828,3.635304828,6.05780825,11.95888228,3.292202774,1
GSM2349126,6.553674194,4.142751096,7.098136897,3.667282193,3.170128743,3.636911023,4.223473397,7.632680277,4.835637521,4.686677843,3.55839968,4.92979782,3.467818415,4.499346306,3.106902857,7.144048844,7.453632345,10.00431903,3.659514839,6.217957633,4.340398127,6.069933977,11.8191773,3.071819114,1
GSM2349127,6.510517558,3.993740415,6.751539945,4.181857858,3.99945627,3.262244346,4.173990307,4.208822677,3.677872437,5.102695191,3.728288771,5.261576144,3.787032497,4.706700177,3.151045097,4.287705768,4.959318777,5.662925855,3.41982296,5.263890804,3.615015641,6.075041854,10.55014746,3.342343396,1
GSM2349128,6.660684043,3.602602966,7.705852332,3.795199199,3.382950392,3.469021458,4.094702803,7.316957611,4.267524962,4.699982754,3.646628528,6.157267848,3.278867787,4.49300119,3.268194662,6.928576125,6.709763679,9.481815394,3.568764199,7.069263194,4.166424926,6.269843325,11.63889739,3.468385516,1
GSM2349129,6.837861709,4.437940635,5.862941513,4.554791207,4.881463053,4.299459646,5.210249176,4.766927029,4.428368533,6.27612018,4.320235055,8.069024198,4.10871037,5.323544775,3.54459513,4.914697417,5.081129773,6.701939361,4.267684511,5.185412161,4.149907934,5.589669807,7.812794759,4.710729581,1
GSM2349130,7.007845206,3.592429656,7.419519152,3.979647065,3.356664972,3.460664591,4.860312379,5.695011031,4.033471122,5.403563558,4.012739428,5.389550427,3.800634623,4.171684499,3.365892677,6.008847184,6.500283861,7.446070838,3.76456938,6.224916096,4.108457133,6.0133361,11.68662116,3.744847468,1
GSM2349131,6.613759331,3.835756786,7.305752798,3.883309231,3.498214673,3.471854435,3.955367778,7.773124336,5.028265557,4.876272884,3.339709473,4.817025079,3.600059262,4.007740297,2.870823721,6.620095771,6.710370221,9.783045627,3.752802223,7.152140208,4.255283999,5.815899687,11.8865561,3.186856196,1
GSM2349132,6.704120971,3.44246716,7.694552307,3.658953365,2.975438575,4.078901968,4.527670138,8.074930162,5.001512569,4.069835989,2.867609959,5.841675961,3.819190804,4.052965055,2.806915056,8.426564619,8.098718924,9.208527525,5.631989975,7.777583912,4.036970128,6.690437385,12.60181244,3.036301302,1
GSM2349133,6.996079695,3.588094405,8.326910404,3.487640148,3.167007329,3.205379767,3.804273053,6.412439036,3.899331716,4.355082382,2.919228224,4.840275735,3.244194094,3.508247826,3.08383497,5.982248552,7.682441314,7.75699183,3.516522045,7.829191137,3.644249615,6.590093089,12.05660336,3.077890094,1
GSM2349134,7.068053174,3.48031377,8.091417905,3.428214342,2.96043289,3.19253602,3.682922402,6.130373686,3.63313514,4.299921509,2.82315507,5.205455286,3.183417147,3.428675626,3.172343339,4.270440212,7.524593897,7.228580471,3.139610342,7.99611663,3.325593862,6.695420259,11.90741543,3.10127524,1
GSM2349135,7.353380616,3.400729564,6.770761069,3.50260569,3.229091211,3.205165435,4.109011021,4.318938626,3.795012384,4.749557553,3.319840463,5.456212743,3.518111187,3.866347159,3.059664667,3.738654556,5.532815718,5.920881649,3.160189048,7.852445012,3.194381107,5.739323504,11.87784312,3.186915251,1
GSM2349136,8.109626658,3.349092644,6.885582527,3.387780083,3.732620012,3.05959499,4.199914573,5.745549677,3.885996749,4.224537503,2.870125558,9.201358224,3.095169153,3.981683236,2.928993121,4.337453789,6.997425387,6.178244697,6.071746159,7.150973994,4.033902666,6.313284274,11.87281451,3.046632019,1
GSM2349137,7.554032352,3.541354285,6.789268566,3.352565206,3.16518177,3.24577819,3.977719672,6.195291708,3.571845347,4.156952459,3.07181148,5.635296441,3.339600328,3.679123908,3.11454483,4.043332239,7.839834091,7.176032703,3.94306408,7.130192034,4.168219841,6.540121933,12.00999789,2.831307148,1
GSM2349138,7.982964311,3.208772951,6.8045714,3.50557592,3.793555805,3.197486845,4.192151427,5.382215842,3.856933357,4.348592923,2.938739873,8.991126677,3.092935136,4.066506477,3.037748169,4.720319853,6.939434185,6.116608699,5.945436253,7.095351296,4.048423194,6.246160397,11.77788847,2.966432064,1
GSM3184676,6.847588337,2.995392913,7.784064967,3.374100003,3.268885024,3.247403404,4.658496118,5.646575764,3.54025242,4.438333054,3.345261633,7.11237516,3.500685733,3.524401814,3.25875922,3.542171483,7.569802384,6.464211863,3.49729425,6.522901773,3.533140235,6.854136866,11.78649515,2.785109148,0
GSM3184677,7.469174362,3.139784859,6.945456678,3.877378851,3.311349272,3.804141422,4.311754242,4.710399529,4.029110385,4.643629597,3.159864056,8.037931996,4.302189522,3.855322427,2.8943387,4.082391439,6.396942216,5.699498183,3.705373213,6.880429658,4.102849371,5.959412634,11.43634952,3.905721956,1
GSM3184678,7.354644721,2.868978575,8.2852244,4.168505822,3.056475109,3.231465475,5.222559762,6.220018729,3.780509871,4.256108444,2.971896569,8.215451284,4.199365461,4.482535984,2.926382842,6.662112988,6.476956425,5.357726952,4.754548438,7.04594535,3.635227694,6.216387494,11.60781031,3.008082868,1
GSM3184679,7.603442048,3.025260611,6.770914402,3.413923418,3.197017375,3.253460342,5.077929179,5.712494078,3.988343111,4.253995543,2.98101271,5.929540025,3.581024715,3.814503108,2.803416445,3.610987279,6.93265078,6.367681518,3.759141039,6.801541734,3.905343041,6.584232702,11.49750737,3.040745319,1
GSM3184680,7.665587878,3.272241653,6.725880142,3.255278008,3.043881196,3.011774354,5.356726382,5.516910823,4.124078553,4.156165478,2.735418473,4.649051479,3.258452648,3.80632662,2.639626343,3.129773729,7.184103501,5.264010854,3.196357392,6.864634147,3.928469766,6.39483884,11.85480708,2.780699803,1
GSM3184681,7.353678008,3.231078157,7.606823219,3.444612847,3.334268906,3.243965944,4.174609593,4.708931999,3.725537842,4.96746724,3.976352352,6.480541997,3.437482449,3.968569625,3.430018992,3.857766537,7.656041829,6.115055602,3.299555221,6.948862268,3.744562025,6.159438037,11.63934309,3.079556083,0
GSM3184682,7.151484193,2.906413156,6.951400693,3.771436557,3.323633948,3.463823125,4.558927689,4.944761811,3.811107507,5.111171915,3.565078267,6.392652723,3.747913323,4.222336165,3.327189984,3.546502782,6.509696128,6.244243703,3.623063134,6.091982255,3.490821996,6.263418435,11.66306234,3.139491207,1
GSM3184683,7.191631125,3.021458793,9.281143557,4.436832541,2.915903868,3.169569379,5.124605429,6.971234113,4.10184475,4.25171308,3.137614149,8.870658685,4.46053781,5.261812504,2.651672994,7.535711886,6.056725617,5.645666017,5.218369604,6.817701474,3.942671579,6.577966976,11.48445489,3.082577707,1
GSM3184684,7.095949592,3.435838725,7.900017655,3.339294206,3.114369571,3.266414881,4.180493938,7.561942948,4.598771533,4.220684165,2.99915682,7.273965599,3.667845628,3.764265148,2.803945721,3.813350417,7.58133483,8.973389417,5.629382809,7.90793519,4.505490624,6.57487585,11.29209218,3.03131064,1
GSM3184685,7.248450699,3.120689461,6.42861808,4.006562737,4.022523954,3.662086186,4.511479347,4.372447739,4.319647722,5.343617875,3.749673517,6.497486857,4.053739698,4.555721926,3.104300522,4.975784773,5.680275774,5.861450249,3.636319225,6.040122137,3.993289825,5.563441231,11.50563434,3.967508836,1
